ベンダ,"GRAPHTEC Corporation"
モデル,"GL2000"
バージョン,"Ver1.10  ","Rev0001"
最大CH数,4
Logic/Pulse,Off
温度単位,C
測定間隔,1s
測定点数,       734
トリガ点,         0
開始時刻,2021-08-06,18:30:01
終了時刻,2021-08-06,18:42:14
トリガ時刻,2021-08-06,18:30:01
アンプ設定
CH,信号名,アンプ,入力,レンジ,フィルタ,スパン,,単位,線色,,,線幅
CH1,"CH1","M",DC,10V,Off,+5.000,-5.000,V,28,5,6,0
CH2,"CH2","M",DC,10V,Off,+5.000,-5.000,V,0,13,23,0
XY設定
XY,トレース,X軸,Y軸
XY1,On,CH1,CH2
XY2,Off,CH1,CH3
XY3,Off,CH1,CH4
XY4,Off,CH1,CH2
ポジション・バーニア設定
CH,ポジション,バーニア
CH1,50%,100.0%
CH2,50%,100.0%
CH3,50%,100.0%
CH4,50%,100.0%
測定値
番号,日付,時間,us,CH1,CH2,Alarm,AlarmOut
NO.,Date,Time,us,"V","V","A1234","AO1234"
         1,2021/8/6,18:30:01,     0,- 0.048,- 0.058,LLLL,LLLL
         2,2021/8/6,18:30:02,     0,- 0.036,- 0.069,LLLL,LLLL
         3,2021/8/6,18:30:03,     0,- 0.053,- 0.106,LLLL,LLLL
         4,2021/8/6,18:30:04,     0,- 0.048,- 0.044,LLLL,LLLL
         5,2021/8/6,18:30:05,     0,- 0.049,- 0.082,LLLL,LLLL
         6,2021/8/6,18:30:06,     0,- 0.042,- 0.091,LLLL,LLLL
         7,2021/8/6,18:30:07,     0,- 0.042,- 0.084,LLLL,LLLL
         8,2021/8/6,18:30:08,     0,- 0.041,- 0.104,LLLL,LLLL
         9,2021/8/6,18:30:09,     0,- 0.026,- 0.107,LLLL,LLLL
        10,2021/8/6,18:30:10,     0,- 0.045,- 0.136,LLLL,LLLL
        11,2021/8/6,18:30:11,     0,- 0.040,- 0.095,LLLL,LLLL
        12,2021/8/6,18:30:12,     0,- 0.027,- 0.066,LLLL,LLLL
        13,2021/8/6,18:30:13,     0,- 0.032,- 0.103,LLLL,LLLL
        14,2021/8/6,18:30:14,     0,- 0.032,- 0.084,LLLL,LLLL
        15,2021/8/6,18:30:15,     0,- 0.087,- 0.086,LLLL,LLLL
        16,2021/8/6,18:30:16,     0,- 0.041,- 0.074,LLLL,LLLL
        17,2021/8/6,18:30:17,     0,- 0.017,- 0.369,LLLL,LLLL
        18,2021/8/6,18:30:18,     0,+ 0.113,+ 0.184,LLLL,LLLL
        19,2021/8/6,18:30:19,     0,- 0.084,+ 0.020,LLLL,LLLL
        20,2021/8/6,18:30:20,     0,+ 0.020,- 0.150,LLLL,LLLL
        21,2021/8/6,18:30:21,     0,- 0.069,- 0.369,LLLL,LLLL
        22,2021/8/6,18:30:22,     0,- 0.120,- 0.249,LLLL,LLLL
        23,2021/8/6,18:30:23,     0,- 0.231,- 0.359,LLLL,LLLL
        24,2021/8/6,18:30:24,     0,+ 0.056,- 0.245,LLLL,LLLL
        25,2021/8/6,18:30:25,     0,- 0.032,- 0.015,LLLL,LLLL
        26,2021/8/6,18:30:26,     0,- 0.092,- 0.369,LLLL,LLLL
        27,2021/8/6,18:30:27,     0,- 0.009,+ 0.086,LLLL,LLLL
        28,2021/8/6,18:30:28,     0,- 0.302,- 0.133,LLLL,LLLL
        29,2021/8/6,18:30:29,     0,- 0.055,+ 0.074,LLLL,LLLL
        30,2021/8/6,18:30:30,     0,+ 0.074,- 0.220,LLLL,LLLL
        31,2021/8/6,18:30:31,     0,+ 0.050,- 0.046,LLLL,LLLL
        32,2021/8/6,18:30:32,     0,+ 0.080,- 0.099,LLLL,LLLL
        33,2021/8/6,18:30:33,     0,+ 0.042,+ 0.042,LLLL,LLLL
        34,2021/8/6,18:30:34,     0,- 0.194,+ 0.215,LLLL,LLLL
        35,2021/8/6,18:30:35,     0,- 0.139,- 0.297,LLLL,LLLL
        36,2021/8/6,18:30:36,     0,+ 0.221,- 0.391,LLLL,LLLL
        37,2021/8/6,18:30:37,     0,- 0.024,- 0.063,LLLL,LLLL
        38,2021/8/6,18:30:38,     0,- 0.005,- 0.125,LLLL,LLLL
        39,2021/8/6,18:30:39,     0,+ 0.031,+ 0.257,LLLL,LLLL
        40,2021/8/6,18:30:40,     0,- 0.145,- 0.371,LLLL,LLLL
        41,2021/8/6,18:30:41,     0,- 0.213,+ 0.066,LLLL,LLLL
        42,2021/8/6,18:30:42,     0,- 0.003,- 0.163,LLLL,LLLL
        43,2021/8/6,18:30:43,     0,- 0.096,- 0.222,LLLL,LLLL
        44,2021/8/6,18:30:44,     0,+ 0.020,- 0.008,LLLL,LLLL
        45,2021/8/6,18:30:45,     0,- 0.036,+ 0.118,LLLL,LLLL
        46,2021/8/6,18:30:46,     0,+ 0.154,- 0.151,LLLL,LLLL
        47,2021/8/6,18:30:47,     0,- 0.028,- 0.186,LLLL,LLLL
        48,2021/8/6,18:30:48,     0,- 0.004,- 0.118,LLLL,LLLL
        49,2021/8/6,18:30:49,     0,+ 0.020,- 0.159,LLLL,LLLL
        50,2021/8/6,18:30:50,     0,- 0.096,+ 0.079,LLLL,LLLL
        51,2021/8/6,18:30:51,     0,- 0.179,+ 0.047,LLLL,LLLL
        52,2021/8/6,18:30:52,     0,- 0.349,- 0.024,LLLL,LLLL
        53,2021/8/6,18:30:53,     0,- 0.125,- 0.235,LLLL,LLLL
        54,2021/8/6,18:30:54,     0,- 0.071,- 0.069,LLLL,LLLL
        55,2021/8/6,18:30:55,     0,- 0.137,+ 0.071,LLLL,LLLL
        56,2021/8/6,18:30:56,     0,- 0.056,+ 0.183,LLLL,LLLL
        57,2021/8/6,18:30:57,     0,- 0.146,- 0.007,LLLL,LLLL
        58,2021/8/6,18:30:58,     0,- 0.238,- 0.209,LLLL,LLLL
        59,2021/8/6,18:30:59,     0,- 0.128,- 0.164,LLLL,LLLL
        60,2021/8/6,18:31:00,     0,- 0.252,- 0.411,LLLL,LLLL
        61,2021/8/6,18:31:01,     0,+ 0.040,+ 0.023,LLLL,LLLL
        62,2021/8/6,18:31:02,     0,- 0.269,- 0.043,LLLL,LLLL
        63,2021/8/6,18:31:03,     0,- 0.181,+ 0.048,LLLL,LLLL
        64,2021/8/6,18:31:04,     0,- 0.033,- 0.165,LLLL,LLLL
        65,2021/8/6,18:31:05,     0,- 0.072,- 0.203,LLLL,LLLL
        66,2021/8/6,18:31:06,     0,- 0.094,- 0.128,LLLL,LLLL
        67,2021/8/6,18:31:07,     0,- 0.315,+ 0.515,LLLL,LLLL
        68,2021/8/6,18:31:08,     0,+ 0.038,- 0.293,LLLL,LLLL
        69,2021/8/6,18:31:09,     0,+ 0.020,- 0.092,LLLL,LLLL
        70,2021/8/6,18:31:10,     0,- 0.166,- 0.031,LLLL,LLLL
        71,2021/8/6,18:31:11,     0,- 0.014,- 0.078,LLLL,LLLL
        72,2021/8/6,18:31:12,     0,- 0.003,+ 0.047,LLLL,LLLL
        73,2021/8/6,18:31:13,     0,- 0.164,+ 0.225,LLLL,LLLL
        74,2021/8/6,18:31:14,     0,- 0.230,+ 0.022,LLLL,LLLL
        75,2021/8/6,18:31:15,     0,- 0.072,- 0.136,LLLL,LLLL
        76,2021/8/6,18:31:16,     0,- 0.029,- 0.033,LLLL,LLLL
        77,2021/8/6,18:31:17,     0,+ 0.032,- 0.246,LLLL,LLLL
        78,2021/8/6,18:31:18,     0,- 0.125,+ 0.015,LLLL,LLLL
        79,2021/8/6,18:31:19,     0,- 0.143,- 0.306,LLLL,LLLL
        80,2021/8/6,18:31:20,     0,- 0.044,- 0.071,LLLL,LLLL
        81,2021/8/6,18:31:21,     0,- 0.097,- 0.178,LLLL,LLLL
        82,2021/8/6,18:31:22,     0,+ 0.190,- 0.130,LLLL,LLLL
        83,2021/8/6,18:31:23,     0,+ 0.123,+ 0.050,LLLL,LLLL
        84,2021/8/6,18:31:24,     0,- 0.155,- 0.055,LLLL,LLLL
        85,2021/8/6,18:31:25,     0,- 0.122,- 0.065,LLLL,LLLL
        86,2021/8/6,18:31:26,     0,- 0.098,+ 0.010,LLLL,LLLL
        87,2021/8/6,18:31:27,     0,- 0.033,- 0.227,LLLL,LLLL
        88,2021/8/6,18:31:28,     0,- 0.146,- 0.198,LLLL,LLLL
        89,2021/8/6,18:31:29,     0,- 0.306,- 0.148,LLLL,LLLL
        90,2021/8/6,18:31:30,     0,+ 0.085,- 0.367,LLLL,LLLL
        91,2021/8/6,18:31:31,     0,- 0.097,+ 0.070,LLLL,LLLL
        92,2021/8/6,18:31:32,     0,+ 0.095,- 0.049,LLLL,LLLL
        93,2021/8/6,18:31:33,     0,+ 0.074,- 0.020,LLLL,LLLL
        94,2021/8/6,18:31:34,     0,+ 0.100,+ 0.537,LLLL,LLLL
        95,2021/8/6,18:31:35,     0,- 0.293,+ 0.203,LLLL,LLLL
        96,2021/8/6,18:31:36,     0,- 0.187,- 0.078,LLLL,LLLL
        97,2021/8/6,18:31:37,     0,+ 0.056,- 0.117,LLLL,LLLL
        98,2021/8/6,18:31:38,     0,+ 0.031,+ 0.025,LLLL,LLLL
        99,2021/8/6,18:31:39,     0,- 0.011,- 0.180,LLLL,LLLL
       100,2021/8/6,18:31:40,     0,- 0.061,- 0.010,LLLL,LLLL
       101,2021/8/6,18:31:41,     0,- 0.050,- 0.300,LLLL,LLLL
       102,2021/8/6,18:31:42,     0,- 0.025,+ 0.120,LLLL,LLLL
       103,2021/8/6,18:31:43,     0,- 0.164,- 0.295,LLLL,LLLL
       104,2021/8/6,18:31:44,     0,+ 0.143,- 0.056,LLLL,LLLL
       105,2021/8/6,18:31:45,     0,- 0.003,- 0.090,LLLL,LLLL
       106,2021/8/6,18:31:46,     0,- 0.234,- 0.010,LLLL,LLLL
       107,2021/8/6,18:31:47,     0,- 0.069,- 0.283,LLLL,LLLL
       108,2021/8/6,18:31:48,     0,- 0.013,- 0.215,LLLL,LLLL
       109,2021/8/6,18:31:49,     0,+ 0.086,- 0.172,LLLL,LLLL
       110,2021/8/6,18:31:50,     0,+ 0.020,- 0.104,LLLL,LLLL
       111,2021/8/6,18:31:51,     0,- 0.103,- 0.288,LLLL,LLLL
       112,2021/8/6,18:31:52,     0,- 0.239,+ 0.239,LLLL,LLLL
       113,2021/8/6,18:31:53,     0,+ 0.013,- 0.072,LLLL,LLLL
       114,2021/8/6,18:31:54,     0,- 0.040,- 0.131,LLLL,LLLL
       115,2021/8/6,18:31:55,     0,+ 0.023,- 0.078,LLLL,LLLL
       116,2021/8/6,18:31:56,     0,- 0.073,+ 0.050,LLLL,LLLL
       117,2021/8/6,18:31:57,     0,- 0.224,+ 0.064,LLLL,LLLL
       118,2021/8/6,18:31:58,     0,+ 0.043,- 0.261,LLLL,LLLL
       119,2021/8/6,18:31:59,     0,+ 0.046,+ 0.118,LLLL,LLLL
       120,2021/8/6,18:32:00,     0,- 0.057,- 0.031,LLLL,LLLL
       121,2021/8/6,18:32:01,     0,- 0.135,+ 0.040,LLLL,LLLL
       122,2021/8/6,18:32:02,     0,+ 0.006,- 0.111,LLLL,LLLL
       123,2021/8/6,18:32:03,     0,+ 0.043,- 0.395,LLLL,LLLL
       124,2021/8/6,18:32:04,     0,+ 0.059,- 0.315,LLLL,LLLL
       125,2021/8/6,18:32:05,     0,+ 0.084,- 0.005,LLLL,LLLL
       126,2021/8/6,18:32:06,     0,- 0.037,- 0.028,LLLL,LLLL
       127,2021/8/6,18:32:07,     0,- 0.125,- 0.088,LLLL,LLLL
       128,2021/8/6,18:32:08,     0,- 0.108,+ 0.027,LLLL,LLLL
       129,2021/8/6,18:32:09,     0,+ 0.110,- 0.166,LLLL,LLLL
       130,2021/8/6,18:32:10,     0,+ 0.034,- 0.013,LLLL,LLLL
       131,2021/8/6,18:32:11,     0,- 0.156,- 0.069,LLLL,LLLL
       132,2021/8/6,18:32:12,     0,+ 0.061,+ 0.017,LLLL,LLLL
       133,2021/8/6,18:32:13,     0,+ 0.110,- 0.088,LLLL,LLLL
       134,2021/8/6,18:32:14,     0,- 0.173,+ 0.228,LLLL,LLLL
       135,2021/8/6,18:32:15,     0,- 0.048,- 0.223,LLLL,LLLL
       136,2021/8/6,18:32:16,     0,+ 0.092,- 0.197,LLLL,LLLL
       137,2021/8/6,18:32:17,     0,- 0.132,- 0.009,LLLL,LLLL
       138,2021/8/6,18:32:18,     0,+ 0.135,- 0.065,LLLL,LLLL
       139,2021/8/6,18:32:19,     0,- 0.169,+ 0.018,LLLL,LLLL
       140,2021/8/6,18:32:20,     0,- 0.407,- 0.257,LLLL,LLLL
       141,2021/8/6,18:32:21,     0,- 0.019,+ 0.117,LLLL,LLLL
       142,2021/8/6,18:32:22,     0,- 0.065,- 0.088,LLLL,LLLL
       143,2021/8/6,18:32:23,     0,- 0.109,- 0.343,LLLL,LLLL
       144,2021/8/6,18:32:24,     0,- 0.050,- 0.104,LLLL,LLLL
       145,2021/8/6,18:32:25,     0,- 0.062,- 0.075,LLLL,LLLL
       146,2021/8/6,18:32:26,     0,- 0.059,- 0.141,LLLL,LLLL
       147,2021/8/6,18:32:27,     0,+ 0.139,- 0.141,LLLL,LLLL
       148,2021/8/6,18:32:28,     0,- 0.120,- 0.369,LLLL,LLLL
       149,2021/8/6,18:32:29,     0,- 0.091,- 0.174,LLLL,LLLL
       150,2021/8/6,18:32:30,     0,- 0.159,+ 0.006,LLLL,LLLL
       151,2021/8/6,18:32:31,     0,+ 0.045,- 0.194,LLLL,LLLL
       152,2021/8/6,18:32:32,     0,+ 0.056,+ 0.043,LLLL,LLLL
       153,2021/8/6,18:32:33,     0,- 0.141,+ 0.030,LLLL,LLLL
       154,2021/8/6,18:32:34,     0,+ 0.000,- 0.093,LLLL,LLLL
       155,2021/8/6,18:32:35,     0,- 0.203,+ 0.056,LLLL,LLLL
       156,2021/8/6,18:32:36,     0,- 0.076,+ 0.229,LLLL,LLLL
       157,2021/8/6,18:32:37,     0,- 0.017,- 0.160,LLLL,LLLL
       158,2021/8/6,18:32:38,     0,+ 0.014,- 0.204,LLLL,LLLL
       159,2021/8/6,18:32:39,     0,+ 0.012,+ 0.026,LLLL,LLLL
       160,2021/8/6,18:32:40,     0,- 0.085,+ 0.153,LLLL,LLLL
       161,2021/8/6,18:32:41,     0,- 0.002,- 0.125,LLLL,LLLL
       162,2021/8/6,18:32:42,     0,+ 0.041,- 0.173,LLLL,LLLL
       163,2021/8/6,18:32:43,     0,- 0.092,+ 0.090,LLLL,LLLL
       164,2021/8/6,18:32:44,     0,- 0.353,- 0.194,LLLL,LLLL
       165,2021/8/6,18:32:45,     0,- 0.042,+ 0.015,LLLL,LLLL
       166,2021/8/6,18:32:46,     0,- 0.052,- 0.086,LLLL,LLLL
       167,2021/8/6,18:32:47,     0,- 0.234,- 0.024,LLLL,LLLL
       168,2021/8/6,18:32:48,     0,- 0.026,- 0.217,LLLL,LLLL
       169,2021/8/6,18:32:49,     0,- 0.032,- 0.015,LLLL,LLLL
       170,2021/8/6,18:32:50,     0,- 0.098,- 0.106,LLLL,LLLL
       171,2021/8/6,18:32:51,     0,- 0.097,- 0.122,LLLL,LLLL
       172,2021/8/6,18:32:52,     0,- 0.111,+ 0.198,LLLL,LLLL
       173,2021/8/6,18:32:53,     0,- 0.274,+ 0.214,LLLL,LLLL
       174,2021/8/6,18:32:54,     0,- 0.073,+ 0.008,LLLL,LLLL
       175,2021/8/6,18:32:55,     0,- 0.043,+ 0.018,LLLL,LLLL
       176,2021/8/6,18:32:56,     0,+ 0.020,- 0.044,LLLL,LLLL
       177,2021/8/6,18:32:57,     0,+ 0.152,- 0.293,LLLL,LLLL
       178,2021/8/6,18:32:58,     0,- 0.176,+ 0.194,LLLL,LLLL
       179,2021/8/6,18:32:59,     0,- 0.126,- 0.127,LLLL,LLLL
       180,2021/8/6,18:33:00,     0,+ 0.018,- 0.152,LLLL,LLLL
       181,2021/8/6,18:33:01,     0,+ 0.021,+ 0.004,LLLL,LLLL
       182,2021/8/6,18:33:02,     0,- 0.142,- 0.203,LLLL,LLLL
       183,2021/8/6,18:33:03,     0,- 0.040,+ 0.026,LLLL,LLLL
       184,2021/8/6,18:33:04,     0,- 0.094,- 0.338,LLLL,LLLL
       185,2021/8/6,18:33:05,     0,- 0.107,+ 0.100,LLLL,LLLL
       186,2021/8/6,18:33:06,     0,- 0.026,- 0.038,LLLL,LLLL
       187,2021/8/6,18:33:07,     0,- 0.093,- 0.198,LLLL,LLLL
       188,2021/8/6,18:33:08,     0,- 0.153,- 0.092,LLLL,LLLL
       189,2021/8/6,18:33:09,     0,- 0.524,- 0.776,LLLL,LLLL
       190,2021/8/6,18:33:10,     0,+ 0.210,+ 0.069,LLLL,LLLL
       191,2021/8/6,18:33:11,     0,- 0.172,- 1.349,LLLL,LLLL
       192,2021/8/6,18:33:12,     0,+ 0.013,- 2.393,LLLL,LLLL
       193,2021/8/6,18:33:13,     0,+ 1.005,+ 1.006,LLLL,LLLL
       194,2021/8/6,18:33:14,     0,+ 1.179,- 0.061,LLLL,LLLL
       195,2021/8/6,18:33:15,     0,+ 0.477,- 0.002,LLLL,LLLL
       196,2021/8/6,18:33:16,     0,+ 0.425,+ 0.344,LLLL,LLLL
       197,2021/8/6,18:33:17,     0,+ 1.045,- 1.747,LLLL,LLLL
       198,2021/8/6,18:33:18,     0,+ 0.221,- 1.881,LLLL,LLLL
       199,2021/8/6,18:33:19,     0,+ 0.341,- 1.325,LLLL,LLLL
       200,2021/8/6,18:33:20,     0,+ 0.507,- 1.244,LLLL,LLLL
       201,2021/8/6,18:33:21,     0,+ 1.254,+ 1.697,LLLL,LLLL
       202,2021/8/6,18:33:22,     0,+ 1.138,- 0.012,LLLL,LLLL
       203,2021/8/6,18:33:23,     0,+ 0.579,+ 0.411,LLLL,LLLL
       204,2021/8/6,18:33:24,     0,+ 0.940,- 0.509,LLLL,LLLL
       205,2021/8/6,18:33:25,     0,+ 0.719,- 1.166,LLLL,LLLL
       206,2021/8/6,18:33:26,     0,+ 0.583,- 0.331,LLLL,LLLL
       207,2021/8/6,18:33:27,     0,+ 1.589,- 1.024,LLLL,LLLL
       208,2021/8/6,18:33:28,     0,+ 1.408,- 3.328,LLLL,LLLL
       209,2021/8/6,18:33:29,     0,+ 2.308,+ 1.060,LLLL,LLLL
       210,2021/8/6,18:33:30,     0,+ 1.090,+ 0.612,LLLL,LLLL
       211,2021/8/6,18:33:31,     0,+ 1.553,- 0.693,LLLL,LLLL
       212,2021/8/6,18:33:32,     0,+ 1.284,+ 0.866,LLLL,LLLL
       213,2021/8/6,18:33:33,     0,+ 0.742,- 1.326,LLLL,LLLL
       214,2021/8/6,18:33:34,     0,+ 0.854,- 2.863,LLLL,LLLL
       215,2021/8/6,18:33:35,     0,+ 1.237,- 0.152,LLLL,LLLL
       216,2021/8/6,18:33:36,     0,+ 1.146,- 1.351,LLLL,LLLL
       217,2021/8/6,18:33:37,     0,+ 0.741,+ 1.944,LLLL,LLLL
       218,2021/8/6,18:33:38,     0,+ 0.865,- 1.381,LLLL,LLLL
       219,2021/8/6,18:33:39,     0,+ 1.618,+ 0.631,LLLL,LLLL
       220,2021/8/6,18:33:40,     0,+ 1.617,- 0.394,LLLL,LLLL
       221,2021/8/6,18:33:41,     0,+ 2.591,+ 0.863,LLLL,LLLL
       222,2021/8/6,18:33:42,     0,+ 1.134,- 2.395,LLLL,LLLL
       223,2021/8/6,18:33:43,     0,+ 1.338,- 1.064,LLLL,LLLL
       224,2021/8/6,18:33:44,     0,+ 1.938,+ 0.113,LLLL,LLLL
       225,2021/8/6,18:33:45,     0,+ 1.404,- 0.219,LLLL,LLLL
       226,2021/8/6,18:33:46,     0,+ 0.922,+ 2.920,LLLL,LLLL
       227,2021/8/6,18:33:47,     0,+ 0.114,- 1.433,LLLL,LLLL
       228,2021/8/6,18:33:48,     0,+ 0.834,+ 1.075,LLLL,LLLL
       229,2021/8/6,18:33:49,     0,+ 0.443,- 1.651,LLLL,LLLL
       230,2021/8/6,18:33:50,     0,+ 1.410,+ 1.144,LLLL,LLLL
       231,2021/8/6,18:33:51,     0,+ 1.318,- 2.386,LLLL,LLLL
       232,2021/8/6,18:33:52,     0,+ 1.471,- 0.387,LLLL,LLLL
       233,2021/8/6,18:33:53,     0,+ 1.965,- 1.141,LLLL,LLLL
       234,2021/8/6,18:33:54,     0,+ 1.076,- 1.674,LLLL,LLLL
       235,2021/8/6,18:33:55,     0,+ 1.133,+ 0.708,LLLL,LLLL
       236,2021/8/6,18:33:56,     0,+ 1.106,+ 0.499,LLLL,LLLL
       237,2021/8/6,18:33:57,     0,+ 0.833,- 0.545,LLLL,LLLL
       238,2021/8/6,18:33:58,     0,+ 1.326,- 0.214,LLLL,LLLL
       239,2021/8/6,18:33:59,     0,+ 1.065,- 2.165,LLLL,LLLL
       240,2021/8/6,18:34:00,     0,+ 0.842,- 0.746,LLLL,LLLL
       241,2021/8/6,18:34:01,     0,+ 1.169,- 0.623,LLLL,LLLL
       242,2021/8/6,18:34:02,     0,+ 1.072,+ 3.034,LLLL,LLLL
       243,2021/8/6,18:34:03,     0,+ 1.192,- 0.849,LLLL,LLLL
       244,2021/8/6,18:34:04,     0,+ 0.769,- 1.232,LLLL,LLLL
       245,2021/8/6,18:34:05,     0,+ 1.270,+ 0.055,LLLL,LLLL
       246,2021/8/6,18:34:06,     0,+ 1.398,+ 0.039,LLLL,LLLL
       247,2021/8/6,18:34:07,     0,+ 1.655,+ 1.311,LLLL,LLLL
       248,2021/8/6,18:34:08,     0,+ 1.682,- 0.423,LLLL,LLLL
       249,2021/8/6,18:34:09,     0,+ 1.099,- 0.620,LLLL,LLLL
       250,2021/8/6,18:34:10,     0,+ 1.642,+ 0.829,LLLL,LLLL
       251,2021/8/6,18:34:11,     0,+ 1.607,- 1.604,LLLL,LLLL
       252,2021/8/6,18:34:12,     0,+ 1.412,+ 2.124,LLLL,LLLL
       253,2021/8/6,18:34:13,     0,+ 0.756,- 1.445,LLLL,LLLL
       254,2021/8/6,18:34:14,     0,+ 0.931,+ 3.406,LLLL,LLLL
       255,2021/8/6,18:34:15,     0,+ 0.540,- 1.177,LLLL,LLLL
       256,2021/8/6,18:34:16,     0,+ 1.250,+ 2.192,LLLL,LLLL
       257,2021/8/6,18:34:17,     0,+ 1.425,- 1.373,LLLL,LLLL
       258,2021/8/6,18:34:18,     0,+ 1.170,- 0.900,LLLL,LLLL
       259,2021/8/6,18:34:19,     0,+ 1.257,- 0.216,LLLL,LLLL
       260,2021/8/6,18:34:20,     0,+ 1.624,- 0.672,LLLL,LLLL
       261,2021/8/6,18:34:21,     0,+ 1.081,- 0.222,LLLL,LLLL
       262,2021/8/6,18:34:22,     0,+ 1.127,- 2.217,LLLL,LLLL
       263,2021/8/6,18:34:23,     0,+ 1.731,- 2.099,LLLL,LLLL
       264,2021/8/6,18:34:24,     0,+ 1.013,- 0.823,LLLL,LLLL
       265,2021/8/6,18:34:25,     0,+ 1.919,+ 1.300,LLLL,LLLL
       266,2021/8/6,18:34:26,     0,+ 1.163,+ 1.600,LLLL,LLLL
       267,2021/8/6,18:34:27,     0,+ 0.991,- 1.612,LLLL,LLLL
       268,2021/8/6,18:34:28,     0,+ 1.790,- 0.090,LLLL,LLLL
       269,2021/8/6,18:34:29,     0,+ 0.809,+ 0.294,LLLL,LLLL
       270,2021/8/6,18:34:30,     0,+ 0.818,- 2.301,LLLL,LLLL
       271,2021/8/6,18:34:31,     0,+ 1.953,+ 0.884,LLLL,LLLL
       272,2021/8/6,18:34:32,     0,+ 1.220,- 2.213,LLLL,LLLL
       273,2021/8/6,18:34:33,     0,+ 1.472,+ 0.213,LLLL,LLLL
       274,2021/8/6,18:34:34,     0,+ 1.717,+ 2.822,LLLL,LLLL
       275,2021/8/6,18:34:35,     0,+ 0.099,+ 0.996,LLLL,LLLL
       276,2021/8/6,18:34:36,     0,+ 0.174,- 1.870,LLLL,LLLL
       277,2021/8/6,18:34:37,     0,+ 0.365,- 1.443,LLLL,LLLL
       278,2021/8/6,18:34:38,     0,+ 2.123,+ 0.113,LLLL,LLLL
       279,2021/8/6,18:34:39,     0,+ 0.932,+ 0.367,LLLL,LLLL
       280,2021/8/6,18:34:40,     0,+ 0.540,- 1.503,LLLL,LLLL
       281,2021/8/6,18:34:41,     0,+ 1.077,- 0.046,LLLL,LLLL
       282,2021/8/6,18:34:42,     0,+ 0.618,+ 0.188,LLLL,LLLL
       283,2021/8/6,18:34:43,     0,+ 0.768,- 1.332,LLLL,LLLL
       284,2021/8/6,18:34:44,     0,+ 1.557,- 1.071,LLLL,LLLL
       285,2021/8/6,18:34:45,     0,+ 0.680,- 0.098,LLLL,LLLL
       286,2021/8/6,18:34:46,     0,+ 0.600,- 0.704,LLLL,LLLL
       287,2021/8/6,18:34:47,     0,+ 2.269,- 0.636,LLLL,LLLL
       288,2021/8/6,18:34:48,     0,+ 1.158,+ 1.266,LLLL,LLLL
       289,2021/8/6,18:34:49,     0,+ 1.887,- 0.715,LLLL,LLLL
       290,2021/8/6,18:34:50,     0,+ 1.004,- 0.835,LLLL,LLLL
       291,2021/8/6,18:34:51,     0,+ 0.822,- 2.088,LLLL,LLLL
       292,2021/8/6,18:34:52,     0,+ 1.062,- 0.594,LLLL,LLLL
       293,2021/8/6,18:34:53,     0,+ 1.399,+ 0.389,LLLL,LLLL
       294,2021/8/6,18:34:54,     0,+ 1.486,+ 0.745,LLLL,LLLL
       295,2021/8/6,18:34:55,     0,+ 1.802,+ 0.784,LLLL,LLLL
       296,2021/8/6,18:34:56,     0,+ 1.067,- 2.007,LLLL,LLLL
       297,2021/8/6,18:34:57,     0,+ 1.594,- 2.477,LLLL,LLLL
       298,2021/8/6,18:34:58,     0,+ 1.617,+ 0.840,LLLL,LLLL
       299,2021/8/6,18:34:59,     0,- 0.027,- 1.443,LLLL,LLLL
       300,2021/8/6,18:35:00,     0,+ 0.563,- 0.426,LLLL,LLLL
       301,2021/8/6,18:35:01,     0,+ 1.287,+ 0.862,LLLL,LLLL
       302,2021/8/6,18:35:02,     0,+ 1.488,- 1.684,LLLL,LLLL
       303,2021/8/6,18:35:03,     0,+ 1.460,- 1.050,LLLL,LLLL
       304,2021/8/6,18:35:04,     0,+ 0.537,- 2.422,LLLL,LLLL
       305,2021/8/6,18:35:05,     0,+ 1.278,+ 0.337,LLLL,LLLL
       306,2021/8/6,18:35:06,     0,+ 1.418,+ 0.943,LLLL,LLLL
       307,2021/8/6,18:35:07,     0,+ 0.896,- 2.430,LLLL,LLLL
       308,2021/8/6,18:35:08,     0,+ 0.548,- 0.078,LLLL,LLLL
       309,2021/8/6,18:35:09,     0,+ 1.014,- 0.849,LLLL,LLLL
       310,2021/8/6,18:35:10,     0,+ 1.373,- 2.132,LLLL,LLLL
       311,2021/8/6,18:35:11,     0,+ 1.697,+ 0.659,LLLL,LLLL
       312,2021/8/6,18:35:12,     0,+ 1.588,+ 0.015,LLLL,LLLL
       313,2021/8/6,18:35:13,     0,+ 1.560,- 1.145,LLLL,LLLL
       314,2021/8/6,18:35:14,     0,+ 2.009,- 1.349,LLLL,LLLL
       315,2021/8/6,18:35:15,     0,+ 0.916,+ 1.971,LLLL,LLLL
       316,2021/8/6,18:35:16,     0,+ 1.536,+ 1.361,LLLL,LLLL
       317,2021/8/6,18:35:17,     0,+ 0.640,- 3.781,LLLL,LLLL
       318,2021/8/6,18:35:18,     0,+ 2.043,+ 1.194,LLLL,LLLL
       319,2021/8/6,18:35:19,     0,+ 2.016,+ 1.371,LLLL,LLLL
       320,2021/8/6,18:35:20,     0,+ 0.932,- 0.166,LLLL,LLLL
       321,2021/8/6,18:35:21,     0,+ 0.938,- 0.716,LLLL,LLLL
       322,2021/8/6,18:35:22,     0,+ 1.083,+ 0.877,LLLL,LLLL
       323,2021/8/6,18:35:23,     0,+ 1.073,+ 0.394,LLLL,LLLL
       324,2021/8/6,18:35:24,     0,+ 0.710,- 1.003,LLLL,LLLL
       325,2021/8/6,18:35:25,     0,+ 1.181,- 0.966,LLLL,LLLL
       326,2021/8/6,18:35:26,     0,+ 0.945,- 0.102,LLLL,LLLL
       327,2021/8/6,18:35:27,     0,+ 1.723,+ 0.358,LLLL,LLLL
       328,2021/8/6,18:35:28,     0,+ 1.340,+ 0.206,LLLL,LLLL
       329,2021/8/6,18:35:29,     0,+ 1.701,+ 0.180,LLLL,LLLL
       330,2021/8/6,18:35:30,     0,+ 0.858,+ 0.139,LLLL,LLLL
       331,2021/8/6,18:35:31,     0,+ 1.451,+ 0.652,LLLL,LLLL
       332,2021/8/6,18:35:32,     0,+ 0.371,+ 0.228,LLLL,LLLL
       333,2021/8/6,18:35:33,     0,+ 1.669,+ 1.320,LLLL,LLLL
       334,2021/8/6,18:35:34,     0,+ 1.319,+ 0.659,LLLL,LLLL
       335,2021/8/6,18:35:35,     0,+ 0.738,- 1.572,LLLL,LLLL
       336,2021/8/6,18:35:36,     0,+ 1.859,- 0.527,LLLL,LLLL
       337,2021/8/6,18:35:37,     0,+ 0.366,- 3.034,LLLL,LLLL
       338,2021/8/6,18:35:38,     0,+ 0.247,- 1.282,LLLL,LLLL
       339,2021/8/6,18:35:39,     0,+ 0.472,- 1.659,LLLL,LLLL
       340,2021/8/6,18:35:40,     0,+ 1.227,+ 0.865,LLLL,LLLL
       341,2021/8/6,18:35:41,     0,+ 1.787,- 1.908,LLLL,LLLL
       342,2021/8/6,18:35:42,     0,+ 1.150,+ 1.093,LLLL,LLLL
       343,2021/8/6,18:35:43,     0,+ 0.415,- 1.054,LLLL,LLLL
       344,2021/8/6,18:35:44,     0,+ 0.907,- 1.793,LLLL,LLLL
       345,2021/8/6,18:35:45,     0,+ 0.819,+ 0.386,LLLL,LLLL
       346,2021/8/6,18:35:46,     0,+ 0.743,+ 0.085,LLLL,LLLL
       347,2021/8/6,18:35:47,     0,+ 0.284,+ 0.397,LLLL,LLLL
       348,2021/8/6,18:35:48,     0,+ 0.524,- 0.622,LLLL,LLLL
       349,2021/8/6,18:35:49,     0,+ 1.359,+ 0.012,LLLL,LLLL
       350,2021/8/6,18:35:50,     0,+ 1.578,- 0.007,LLLL,LLLL
       351,2021/8/6,18:35:51,     0,+ 1.640,- 2.618,LLLL,LLLL
       352,2021/8/6,18:35:52,     0,+ 1.498,+ 0.818,LLLL,LLLL
       353,2021/8/6,18:35:53,     0,+ 1.383,- 0.587,LLLL,LLLL
       354,2021/8/6,18:35:54,     0,+ 0.980,- 1.782,LLLL,LLLL
       355,2021/8/6,18:35:55,     0,+ 1.803,- 0.484,LLLL,LLLL
       356,2021/8/6,18:35:56,     0,+ 0.820,- 1.927,LLLL,LLLL
       357,2021/8/6,18:35:57,     0,+ 0.482,- 0.708,LLLL,LLLL
       358,2021/8/6,18:35:58,     0,+ 0.789,+ 0.189,LLLL,LLLL
       359,2021/8/6,18:35:59,     0,+ 0.621,- 2.136,LLLL,LLLL
       360,2021/8/6,18:36:00,     0,+ 0.990,- 1.375,LLLL,LLLL
       361,2021/8/6,18:36:01,     0,+ 0.589,- 0.470,LLLL,LLLL
       362,2021/8/6,18:36:02,     0,+ 0.659,- 1.547,LLLL,LLLL
       363,2021/8/6,18:36:03,     0,+ 1.363,+ 0.601,LLLL,LLLL
       364,2021/8/6,18:36:04,     0,+ 1.280,+ 0.606,LLLL,LLLL
       365,2021/8/6,18:36:05,     0,+ 0.564,- 0.351,LLLL,LLLL
       366,2021/8/6,18:36:06,     0,+ 1.051,- 1.480,LLLL,LLLL
       367,2021/8/6,18:36:07,     0,+ 0.253,- 1.201,LLLL,LLLL
       368,2021/8/6,18:36:08,     0,+ 1.531,+ 1.225,LLLL,LLLL
       369,2021/8/6,18:36:09,     0,+ 0.861,- 1.398,LLLL,LLLL
       370,2021/8/6,18:36:10,     0,+ 1.220,- 0.114,LLLL,LLLL
       371,2021/8/6,18:36:11,     0,+ 0.494,- 1.176,LLLL,LLLL
       372,2021/8/6,18:36:12,     0,+ 0.695,- 0.248,LLLL,LLLL
       373,2021/8/6,18:36:13,     0,+ 0.775,- 2.156,LLLL,LLLL
       374,2021/8/6,18:36:14,     0,+ 1.326,+ 0.723,LLLL,LLLL
       375,2021/8/6,18:36:15,     0,+ 1.112,- 0.293,LLLL,LLLL
       376,2021/8/6,18:36:16,     0,+ 1.213,- 1.555,LLLL,LLLL
       377,2021/8/6,18:36:17,     0,+ 1.072,- 0.166,LLLL,LLLL
       378,2021/8/6,18:36:18,     0,+ 0.663,- 2.869,LLLL,LLLL
       379,2021/8/6,18:36:19,     0,+ 0.587,- 1.298,LLLL,LLLL
       380,2021/8/6,18:36:20,     0,+ 1.374,+ 2.146,LLLL,LLLL
       381,2021/8/6,18:36:21,     0,+ 1.394,- 0.950,LLLL,LLLL
       382,2021/8/6,18:36:22,     0,+ 1.985,+ 1.743,LLLL,LLLL
       383,2021/8/6,18:36:23,     0,+ 1.172,- 2.325,LLLL,LLLL
       384,2021/8/6,18:36:24,     0,+ 0.463,- 1.503,LLLL,LLLL
       385,2021/8/6,18:36:25,     0,+ 1.243,+ 1.406,LLLL,LLLL
       386,2021/8/6,18:36:26,     0,+ 1.106,- 0.039,LLLL,LLLL
       387,2021/8/6,18:36:27,     0,+ 0.367,- 1.297,LLLL,LLLL
       388,2021/8/6,18:36:28,     0,+ 1.014,- 1.488,LLLL,LLLL
       389,2021/8/6,18:36:29,     0,+ 0.801,- 1.526,LLLL,LLLL
       390,2021/8/6,18:36:30,     0,+ 0.876,+ 1.211,LLLL,LLLL
       391,2021/8/6,18:36:31,     0,+ 0.844,- 2.198,LLLL,LLLL
       392,2021/8/6,18:36:32,     0,+ 0.463,+ 1.038,LLLL,LLLL
       393,2021/8/6,18:36:33,     0,+ 0.433,- 2.349,LLLL,LLLL
       394,2021/8/6,18:36:34,     0,+ 0.572,- 1.260,LLLL,LLLL
       395,2021/8/6,18:36:35,     0,+ 0.802,- 0.781,LLLL,LLLL
       396,2021/8/6,18:36:36,     0,+ 0.734,+ 1.445,LLLL,LLLL
       397,2021/8/6,18:36:37,     0,+ 0.711,- 3.105,LLLL,LLLL
       398,2021/8/6,18:36:38,     0,+ 1.265,+ 0.703,LLLL,LLLL
       399,2021/8/6,18:36:39,     0,+ 1.620,+ 0.437,LLLL,LLLL
       400,2021/8/6,18:36:40,     0,+ 0.192,- 2.551,LLLL,LLLL
       401,2021/8/6,18:36:41,     0,+ 1.013,+ 1.234,LLLL,LLLL
       402,2021/8/6,18:36:42,     0,+ 1.494,- 0.861,LLLL,LLLL
       403,2021/8/6,18:36:43,     0,+ 1.685,+ 1.702,LLLL,LLLL
       404,2021/8/6,18:36:44,     0,+ 2.357,+ 0.149,LLLL,LLLL
       405,2021/8/6,18:36:45,     0,+ 1.511,+ 1.728,LLLL,LLLL
       406,2021/8/6,18:36:46,     0,+ 1.668,- 1.676,LLLL,LLLL
       407,2021/8/6,18:36:47,     0,+ 0.518,- 0.767,LLLL,LLLL
       408,2021/8/6,18:36:48,     0,+ 0.448,- 1.547,LLLL,LLLL
       409,2021/8/6,18:36:49,     0,+ 0.576,- 1.372,LLLL,LLLL
       410,2021/8/6,18:36:50,     0,+ 0.030,- 1.648,LLLL,LLLL
       411,2021/8/6,18:36:51,     0,+ 0.560,- 1.101,LLLL,LLLL
       412,2021/8/6,18:36:52,     0,+ 1.079,+ 0.775,LLLL,LLLL
       413,2021/8/6,18:36:53,     0,+ 1.472,+ 0.419,LLLL,LLLL
       414,2021/8/6,18:36:54,     0,+ 0.720,- 1.218,LLLL,LLLL
       415,2021/8/6,18:36:55,     0,+ 0.752,+ 0.965,LLLL,LLLL
       416,2021/8/6,18:36:56,     0,+ 0.830,+ 0.278,LLLL,LLLL
       417,2021/8/6,18:36:57,     0,+ 0.657,- 0.439,LLLL,LLLL
       418,2021/8/6,18:36:58,     0,+ 1.689,+ 0.088,LLLL,LLLL
       419,2021/8/6,18:36:59,     0,+ 0.894,+ 0.036,LLLL,LLLL
       420,2021/8/6,18:37:00,     0,+ 0.724,- 0.918,LLLL,LLLL
       421,2021/8/6,18:37:01,     0,+ 0.122,- 1.581,LLLL,LLLL
       422,2021/8/6,18:37:02,     0,+ 1.132,- 0.118,LLLL,LLLL
       423,2021/8/6,18:37:03,     0,+ 0.867,- 1.135,LLLL,LLLL
       424,2021/8/6,18:37:04,     0,+ 1.386,- 1.977,LLLL,LLLL
       425,2021/8/6,18:37:05,     0,+ 0.589,- 0.222,LLLL,LLLL
       426,2021/8/6,18:37:06,     0,+ 0.339,- 1.952,LLLL,LLLL
       427,2021/8/6,18:37:07,     0,+ 1.171,+ 2.206,LLLL,LLLL
       428,2021/8/6,18:37:08,     0,+ 0.645,- 1.020,LLLL,LLLL
       429,2021/8/6,18:37:09,     0,+ 0.241,- 0.762,LLLL,LLLL
       430,2021/8/6,18:37:10,     0,+ 1.041,- 2.025,LLLL,LLLL
       431,2021/8/6,18:37:11,     0,+ 0.447,- 1.769,LLLL,LLLL
       432,2021/8/6,18:37:12,     0,+ 1.457,+ 1.451,LLLL,LLLL
       433,2021/8/6,18:37:13,     0,+ 1.090,+ 0.172,LLLL,LLLL
       434,2021/8/6,18:37:14,     0,+ 0.717,- 2.860,LLLL,LLLL
       435,2021/8/6,18:37:15,     0,+ 1.273,+ 0.785,LLLL,LLLL
       436,2021/8/6,18:37:16,     0,+ 0.731,- 1.621,LLLL,LLLL
       437,2021/8/6,18:37:17,     0,+ 0.365,- 0.118,LLLL,LLLL
       438,2021/8/6,18:37:18,     0,+ 1.063,- 1.033,LLLL,LLLL
       439,2021/8/6,18:37:19,     0,+ 1.329,- 0.213,LLLL,LLLL
       440,2021/8/6,18:37:20,     0,+ 1.168,+ 0.560,LLLL,LLLL
       441,2021/8/6,18:37:21,     0,+ 1.147,- 0.790,LLLL,LLLL
       442,2021/8/6,18:37:22,     0,+ 1.092,+ 1.507,LLLL,LLLL
       443,2021/8/6,18:37:23,     0,+ 1.365,+ 1.510,LLLL,LLLL
       444,2021/8/6,18:37:24,     0,+ 0.074,- 1.447,LLLL,LLLL
       445,2021/8/6,18:37:25,     0,+ 0.571,- 1.561,LLLL,LLLL
       446,2021/8/6,18:37:26,     0,+ 0.977,+ 0.086,LLLL,LLLL
       447,2021/8/6,18:37:27,     0,+ 1.013,+ 0.848,LLLL,LLLL
       448,2021/8/6,18:37:28,     0,+ 0.447,- 1.532,LLLL,LLLL
       449,2021/8/6,18:37:29,     0,+ 0.861,- 0.571,LLLL,LLLL
       450,2021/8/6,18:37:30,     0,+ 1.157,- 2.693,LLLL,LLLL
       451,2021/8/6,18:37:31,     0,+ 2.457,+ 1.958,LLLL,LLLL
       452,2021/8/6,18:37:32,     0,+ 0.583,- 0.415,LLLL,LLLL
       453,2021/8/6,18:37:33,     0,+ 1.926,+ 1.397,LLLL,LLLL
       454,2021/8/6,18:37:34,     0,+ 0.590,- 1.283,LLLL,LLLL
       455,2021/8/6,18:37:35,     0,+ 1.683,+ 1.726,LLLL,LLLL
       456,2021/8/6,18:37:36,     0,+ 1.299,+ 2.323,LLLL,LLLL
       457,2021/8/6,18:37:37,     0,+ 0.045,- 2.139,LLLL,LLLL
       458,2021/8/6,18:37:38,     0,+ 0.229,- 1.681,LLLL,LLLL
       459,2021/8/6,18:37:39,     0,+ 1.880,- 2.254,LLLL,LLLL
       460,2021/8/6,18:37:40,     0,+ 1.816,+ 0.072,LLLL,LLLL
       461,2021/8/6,18:37:41,     0,+ 0.397,+ 0.622,LLLL,LLLL
       462,2021/8/6,18:37:42,     0,+ 1.740,- 0.802,LLLL,LLLL
       463,2021/8/6,18:37:43,     0,+ 1.057,- 0.835,LLLL,LLLL
       464,2021/8/6,18:37:44,     0,+ 0.791,- 1.414,LLLL,LLLL
       465,2021/8/6,18:37:45,     0,+ 1.591,+ 1.076,LLLL,LLLL
       466,2021/8/6,18:37:46,     0,+ 0.899,+ 0.894,LLLL,LLLL
       467,2021/8/6,18:37:47,     0,+ 0.632,- 0.350,LLLL,LLLL
       468,2021/8/6,18:37:48,     0,+ 0.752,+ 0.184,LLLL,LLLL
       469,2021/8/6,18:37:49,     0,+ 0.917,+ 1.104,LLLL,LLLL
       470,2021/8/6,18:37:50,     0,+ 1.565,+ 1.211,LLLL,LLLL
       471,2021/8/6,18:37:51,     0,+ 0.849,- 2.427,LLLL,LLLL
       472,2021/8/6,18:37:52,     0,+ 0.337,+ 0.316,LLLL,LLLL
       473,2021/8/6,18:37:53,     0,+ 0.491,- 1.309,LLLL,LLLL
       474,2021/8/6,18:37:54,     0,+ 0.937,+ 1.031,LLLL,LLLL
       475,2021/8/6,18:37:55,     0,+ 1.637,+ 0.661,LLLL,LLLL
       476,2021/8/6,18:37:56,     0,+ 0.656,- 2.312,LLLL,LLLL
       477,2021/8/6,18:37:57,     0,+ 0.863,- 0.975,LLLL,LLLL
       478,2021/8/6,18:37:58,     0,+ 0.508,- 0.153,LLLL,LLLL
       479,2021/8/6,18:37:59,     0,- 0.106,+ 0.308,LLLL,LLLL
       480,2021/8/6,18:38:00,     0,+ 1.622,- 3.004,LLLL,LLLL
       481,2021/8/6,18:38:01,     0,+ 1.280,- 2.238,LLLL,LLLL
       482,2021/8/6,18:38:02,     0,+ 0.242,- 0.590,LLLL,LLLL
       483,2021/8/6,18:38:03,     0,+ 1.267,- 1.069,LLLL,LLLL
       484,2021/8/6,18:38:04,     0,+ 0.115,- 0.846,LLLL,LLLL
       485,2021/8/6,18:38:05,     0,+ 1.154,- 0.865,LLLL,LLLL
       486,2021/8/6,18:38:06,     0,+ 0.864,- 1.811,LLLL,LLLL
       487,2021/8/6,18:38:07,     0,+ 0.125,- 1.139,LLLL,LLLL
       488,2021/8/6,18:38:08,     0,+ 0.370,+ 0.088,LLLL,LLLL
       489,2021/8/6,18:38:09,     0,+ 0.355,- 0.178,LLLL,LLLL
       490,2021/8/6,18:38:10,     0,+ 0.628,- 1.676,LLLL,LLLL
       491,2021/8/6,18:38:11,     0,+ 1.387,+ 0.367,LLLL,LLLL
       492,2021/8/6,18:38:12,     0,+ 2.824,+ 0.451,LLLL,LLLL
       493,2021/8/6,18:38:13,     0,- 0.525,- 3.775,LLLL,LLLL
       494,2021/8/6,18:38:14,     0,+ 1.489,+ 0.776,LLLL,LLLL
       495,2021/8/6,18:38:15,     0,+ 1.944,+ 0.794,LLLL,LLLL
       496,2021/8/6,18:38:16,     0,+ 2.112,+ 0.370,LLLL,LLLL
       497,2021/8/6,18:38:17,     0,+ 2.260,+ 0.448,LLLL,LLLL
       498,2021/8/6,18:38:18,     0,+ 1.203,+ 1.158,LLLL,LLLL
       499,2021/8/6,18:38:19,     0,+ 1.237,- 0.009,LLLL,LLLL
       500,2021/8/6,18:38:20,     0,+ 0.394,+ 0.477,LLLL,LLLL
       501,2021/8/6,18:38:21,     0,+ 1.320,- 1.738,LLLL,LLLL
       502,2021/8/6,18:38:22,     0,+ 1.477,+ 1.377,LLLL,LLLL
       503,2021/8/6,18:38:23,     0,+ 0.681,- 1.616,LLLL,LLLL
       504,2021/8/6,18:38:24,     0,+ 0.652,+ 0.879,LLLL,LLLL
       505,2021/8/6,18:38:25,     0,+ 0.849,- 2.426,LLLL,LLLL
       506,2021/8/6,18:38:26,     0,+ 1.201,+ 3.400,LLLL,LLLL
       507,2021/8/6,18:38:27,     0,+ 1.825,- 2.205,LLLL,LLLL
       508,2021/8/6,18:38:28,     0,+ 1.138,+ 1.288,LLLL,LLLL
       509,2021/8/6,18:38:29,     0,+ 1.258,+ 0.439,LLLL,LLLL
       510,2021/8/6,18:38:30,     0,+ 0.783,+ 0.957,LLLL,LLLL
       511,2021/8/6,18:38:31,     0,+ 1.335,- 2.206,LLLL,LLLL
       512,2021/8/6,18:38:32,     0,+ 0.907,- 1.474,LLLL,LLLL
       513,2021/8/6,18:38:33,     0,+ 1.809,+ 1.106,LLLL,LLLL
       514,2021/8/6,18:38:34,     0,+ 0.745,- 1.581,LLLL,LLLL
       515,2021/8/6,18:38:35,     0,+ 1.069,+ 0.233,LLLL,LLLL
       516,2021/8/6,18:38:36,     0,+ 0.830,- 1.669,LLLL,LLLL
       517,2021/8/6,18:38:37,     0,+ 0.725,+ 0.034,LLLL,LLLL
       518,2021/8/6,18:38:38,     0,+ 1.876,+ 0.213,LLLL,LLLL
       519,2021/8/6,18:38:39,     0,+ 1.659,+ 1.209,LLLL,LLLL
       520,2021/8/6,18:38:40,     0,+ 0.544,- 1.165,LLLL,LLLL
       521,2021/8/6,18:38:41,     0,+ 0.104,- 2.257,LLLL,LLLL
       522,2021/8/6,18:38:42,     0,+ 1.580,+ 1.381,LLLL,LLLL
       523,2021/8/6,18:38:43,     0,+ 1.196,- 1.469,LLLL,LLLL
       524,2021/8/6,18:38:44,     0,+ 0.997,+ 0.177,LLLL,LLLL
       525,2021/8/6,18:38:45,     0,+ 0.983,- 0.488,LLLL,LLLL
       526,2021/8/6,18:38:46,     0,+ 1.024,- 1.848,LLLL,LLLL
       527,2021/8/6,18:38:47,     0,+ 1.031,+ 1.356,LLLL,LLLL
       528,2021/8/6,18:38:48,     0,+ 0.730,- 2.332,LLLL,LLLL
       529,2021/8/6,18:38:49,     0,+ 1.201,+ 0.704,LLLL,LLLL
       530,2021/8/6,18:38:50,     0,+ 1.144,- 0.097,LLLL,LLLL
       531,2021/8/6,18:38:51,     0,+ 0.146,- 0.359,LLLL,LLLL
       532,2021/8/6,18:38:52,     0,+ 1.154,+ 0.424,LLLL,LLLL
       533,2021/8/6,18:38:53,     0,+ 0.344,- 4.078,LLLL,LLLL
       534,2021/8/6,18:38:54,     0,+ 1.272,- 1.512,LLLL,LLLL
       535,2021/8/6,18:38:55,     0,+ 1.405,- 0.502,LLLL,LLLL
       536,2021/8/6,18:38:56,     0,+ 2.833,+ 1.469,LLLL,LLLL
       537,2021/8/6,18:38:57,     0,+ 1.178,- 1.401,LLLL,LLLL
       538,2021/8/6,18:38:58,     0,+ 1.496,+ 0.684,LLLL,LLLL
       539,2021/8/6,18:38:59,     0,+ 0.272,+ 0.729,LLLL,LLLL
       540,2021/8/6,18:39:00,     0,+ 0.770,+ 1.271,LLLL,LLLL
       541,2021/8/6,18:39:01,     0,+ 0.926,- 0.429,LLLL,LLLL
       542,2021/8/6,18:39:02,     0,+ 1.627,- 0.487,LLLL,LLLL
       543,2021/8/6,18:39:03,     0,+ 0.785,- 1.403,LLLL,LLLL
       544,2021/8/6,18:39:04,     0,+ 1.363,- 1.034,LLLL,LLLL
       545,2021/8/6,18:39:05,     0,+ 0.763,- 3.123,LLLL,LLLL
       546,2021/8/6,18:39:06,     0,- 0.225,- 5.176,LLLL,LLLL
       547,2021/8/6,18:39:07,     0,+ 1.580,+ 0.936,LLLL,LLLL
       548,2021/8/6,18:39:08,     0,+ 0.295,- 2.055,LLLL,LLLL
       549,2021/8/6,18:39:09,     0,+ 0.760,+ 0.907,LLLL,LLLL
       550,2021/8/6,18:39:10,     0,+ 1.798,+ 2.516,LLLL,LLLL
       551,2021/8/6,18:39:11,     0,+ 0.956,+ 1.276,LLLL,LLLL
       552,2021/8/6,18:39:12,     0,+ 0.427,- 3.122,LLLL,LLLL
       553,2021/8/6,18:39:13,     0,+ 1.395,- 1.054,LLLL,LLLL
       554,2021/8/6,18:39:14,     0,+ 0.299,- 2.803,LLLL,LLLL
       555,2021/8/6,18:39:15,     0,+ 1.101,+ 1.057,LLLL,LLLL
       556,2021/8/6,18:39:16,     0,+ 0.386,- 1.236,LLLL,LLLL
       557,2021/8/6,18:39:17,     0,+ 0.943,- 1.520,LLLL,LLLL
       558,2021/8/6,18:39:18,     0,+ 0.628,+ 1.793,LLLL,LLLL
       559,2021/8/6,18:39:19,     0,+ 0.814,- 1.048,LLLL,LLLL
       560,2021/8/6,18:39:20,     0,+ 0.620,+ 0.494,LLLL,LLLL
       561,2021/8/6,18:39:21,     0,+ 0.254,+ 1.011,LLLL,LLLL
       562,2021/8/6,18:39:22,     0,+ 1.565,+ 2.370,LLLL,LLLL
       563,2021/8/6,18:39:23,     0,+ 0.545,- 2.585,LLLL,LLLL
       564,2021/8/6,18:39:24,     0,+ 0.756,+ 0.244,LLLL,LLLL
       565,2021/8/6,18:39:25,     0,+ 1.804,- 1.339,LLLL,LLLL
       566,2021/8/6,18:39:26,     0,+ 0.432,+ 0.242,LLLL,LLLL
       567,2021/8/6,18:39:27,     0,+ 0.549,- 3.843,LLLL,LLLL
       568,2021/8/6,18:39:28,     0,+ 1.083,- 0.197,LLLL,LLLL
       569,2021/8/6,18:39:29,     0,+ 0.529,- 3.261,LLLL,LLLL
       570,2021/8/6,18:39:30,     0,+ 1.193,- 1.190,LLLL,LLLL
       571,2021/8/6,18:39:31,     0,+ 1.173,- 0.289,LLLL,LLLL
       572,2021/8/6,18:39:32,     0,+ 0.378,- 2.456,LLLL,LLLL
       573,2021/8/6,18:39:33,     0,+ 0.878,- 1.845,LLLL,LLLL
       574,2021/8/6,18:39:34,     0,+ 1.353,- 2.510,LLLL,LLLL
       575,2021/8/6,18:39:35,     0,+ 0.094,- 1.493,LLLL,LLLL
       576,2021/8/6,18:39:36,     0,+ 1.174,+ 0.472,LLLL,LLLL
       577,2021/8/6,18:39:37,     0,+ 0.450,- 0.346,LLLL,LLLL
       578,2021/8/6,18:39:38,     0,+ 1.377,+ 0.072,LLLL,LLLL
       579,2021/8/6,18:39:39,     0,+ 0.643,+ 3.097,LLLL,LLLL
       580,2021/8/6,18:39:40,     0,+ 1.132,+ 0.291,LLLL,LLLL
       581,2021/8/6,18:39:41,     0,+ 1.055,+ 0.251,LLLL,LLLL
       582,2021/8/6,18:39:42,     0,+ 0.911,- 0.426,LLLL,LLLL
       583,2021/8/6,18:39:43,     0,+ 0.107,- 1.013,LLLL,LLLL
       584,2021/8/6,18:39:44,     0,+ 0.786,+ 2.816,LLLL,LLLL
       585,2021/8/6,18:39:45,     0,+ 0.590,- 1.808,LLLL,LLLL
       586,2021/8/6,18:39:46,     0,+ 0.768,- 1.542,LLLL,LLLL
       587,2021/8/6,18:39:47,     0,+ 0.973,+ 0.859,LLLL,LLLL
       588,2021/8/6,18:39:48,     0,+ 0.916,- 3.083,LLLL,LLLL
       589,2021/8/6,18:39:49,     0,+ 1.831,+ 0.922,LLLL,LLLL
       590,2021/8/6,18:39:50,     0,+ 1.160,- 1.969,LLLL,LLLL
       591,2021/8/6,18:39:51,     0,+ 1.939,- 0.874,LLLL,LLLL
       592,2021/8/6,18:39:52,     0,+ 1.148,+ 3.872,LLLL,LLLL
       593,2021/8/6,18:39:53,     0,- 0.010,- 0.639,LLLL,LLLL
       594,2021/8/6,18:39:54,     0,+ 1.036,+ 0.563,LLLL,LLLL
       595,2021/8/6,18:39:55,     0,+ 1.382,- 1.231,LLLL,LLLL
       596,2021/8/6,18:39:56,     0,+ 1.573,- 0.370,LLLL,LLLL
       597,2021/8/6,18:39:57,     0,+ 0.554,- 3.115,LLLL,LLLL
       598,2021/8/6,18:39:58,     0,+ 1.245,- 0.949,LLLL,LLLL
       599,2021/8/6,18:39:59,     0,+ 1.506,+ 1.159,LLLL,LLLL
       600,2021/8/6,18:40:00,     0,+ 0.746,+ 0.420,LLLL,LLLL
       601,2021/8/6,18:40:01,     0,+ 0.352,- 2.147,LLLL,LLLL
       602,2021/8/6,18:40:02,     0,+ 1.080,+ 1.697,LLLL,LLLL
       603,2021/8/6,18:40:03,     0,+ 0.435,+ 2.589,LLLL,LLLL
       604,2021/8/6,18:40:04,     0,+ 0.502,- 1.720,LLLL,LLLL
       605,2021/8/6,18:40:05,     0,+ 0.197,- 0.138,LLLL,LLLL
       606,2021/8/6,18:40:06,     0,+ 1.140,- 2.675,LLLL,LLLL
       607,2021/8/6,18:40:07,     0,+ 1.013,+ 0.588,LLLL,LLLL
       608,2021/8/6,18:40:08,     0,+ 0.515,+ 1.533,LLLL,LLLL
       609,2021/8/6,18:40:09,     0,+ 0.098,- 1.022,LLLL,LLLL
       610,2021/8/6,18:40:10,     0,+ 0.763,+ 1.390,LLLL,LLLL
       611,2021/8/6,18:40:11,     0,+ 1.005,- 0.227,LLLL,LLLL
       612,2021/8/6,18:40:12,     0,+ 1.332,+ 1.023,LLLL,LLLL
       613,2021/8/6,18:40:13,     0,+ 0.880,+ 1.104,LLLL,LLLL
       614,2021/8/6,18:40:14,     0,+ 1.534,- 0.498,LLLL,LLLL
       615,2021/8/6,18:40:15,     0,- 0.014,- 1.182,LLLL,LLLL
       616,2021/8/6,18:40:16,     0,+ 0.636,+ 2.292,LLLL,LLLL
       617,2021/8/6,18:40:17,     0,+ 1.057,- 1.165,LLLL,LLLL
       618,2021/8/6,18:40:18,     0,+ 0.870,- 1.890,LLLL,LLLL
       619,2021/8/6,18:40:19,     0,+ 1.081,- 0.959,LLLL,LLLL
       620,2021/8/6,18:40:20,     0,+ 1.054,- 2.426,LLLL,LLLL
       621,2021/8/6,18:40:21,     0,+ 1.744,+ 0.577,LLLL,LLLL
       622,2021/8/6,18:40:22,     0,+ 1.049,- 1.191,LLLL,LLLL
       623,2021/8/6,18:40:23,     0,+ 0.497,- 0.134,LLLL,LLLL
       624,2021/8/6,18:40:24,     0,+ 0.927,- 0.857,LLLL,LLLL
       625,2021/8/6,18:40:25,     0,+ 2.347,+ 0.429,LLLL,LLLL
       626,2021/8/6,18:40:26,     0,+ 0.959,- 0.277,LLLL,LLLL
       627,2021/8/6,18:40:27,     0,+ 1.557,+ 2.279,LLLL,LLLL
       628,2021/8/6,18:40:28,     0,+ 1.088,- 0.294,LLLL,LLLL
       629,2021/8/6,18:40:29,     0,+ 0.615,- 1.153,LLLL,LLLL
       630,2021/8/6,18:40:30,     0,+ 1.595,+ 1.939,LLLL,LLLL
       631,2021/8/6,18:40:31,     0,+ 1.563,+ 0.362,LLLL,LLLL
       632,2021/8/6,18:40:32,     0,+ 1.109,+ 0.784,LLLL,LLLL
       633,2021/8/6,18:40:33,     0,+ 0.543,- 1.345,LLLL,LLLL
       634,2021/8/6,18:40:34,     0,+ 0.119,- 2.357,LLLL,LLLL
       635,2021/8/6,18:40:35,     0,+ 0.579,- 1.213,LLLL,LLLL
       636,2021/8/6,18:40:36,     0,+ 0.690,- 1.241,LLLL,LLLL
       637,2021/8/6,18:40:37,     0,+ 1.202,- 1.203,LLLL,LLLL
       638,2021/8/6,18:40:38,     0,+ 2.134,- 2.155,LLLL,LLLL
       639,2021/8/6,18:40:39,     0,+ 1.628,+ 1.829,LLLL,LLLL
       640,2021/8/6,18:40:40,     0,+ 0.523,- 2.433,LLLL,LLLL
       641,2021/8/6,18:40:41,     0,+ 0.579,- 0.340,LLLL,LLLL
       642,2021/8/6,18:40:42,     0,+ 0.033,- 1.703,LLLL,LLLL
       643,2021/8/6,18:40:43,     0,+ 1.457,- 0.092,LLLL,LLLL
       644,2021/8/6,18:40:44,     0,- 0.132,- 0.184,LLLL,LLLL
       645,2021/8/6,18:40:45,     0,+ 1.285,+ 1.835,LLLL,LLLL
       646,2021/8/6,18:40:46,     0,+ 1.157,+ 0.701,LLLL,LLLL
       647,2021/8/6,18:40:47,     0,+ 0.389,- 0.879,LLLL,LLLL
       648,2021/8/6,18:40:48,     0,- 0.083,- 1.144,LLLL,LLLL
       649,2021/8/6,18:40:49,     0,+ 0.273,- 1.474,LLLL,LLLL
       650,2021/8/6,18:40:50,     0,+ 1.330,- 1.072,LLLL,LLLL
       651,2021/8/6,18:40:51,     0,+ 0.536,- 1.461,LLLL,LLLL
       652,2021/8/6,18:40:52,     0,+ 1.294,- 1.725,LLLL,LLLL
       653,2021/8/6,18:40:53,     0,+ 0.554,+ 1.023,LLLL,LLLL
       654,2021/8/6,18:40:54,     0,+ 0.630,+ 0.146,LLLL,LLLL
       655,2021/8/6,18:40:55,     0,+ 0.346,+ 0.222,LLLL,LLLL
       656,2021/8/6,18:40:56,     0,+ 0.336,- 2.194,LLLL,LLLL
       657,2021/8/6,18:40:57,     0,+ 0.637,- 1.071,LLLL,LLLL
       658,2021/8/6,18:40:58,     0,+ 1.726,+ 2.248,LLLL,LLLL
       659,2021/8/6,18:40:59,     0,+ 1.062,- 1.439,LLLL,LLLL
       660,2021/8/6,18:41:00,     0,+ 1.078,- 0.958,LLLL,LLLL
       661,2021/8/6,18:41:01,     0,+ 0.569,+ 1.316,LLLL,LLLL
       662,2021/8/6,18:41:02,     0,+ 1.119,- 1.165,LLLL,LLLL
       663,2021/8/6,18:41:03,     0,- 0.448,- 0.219,LLLL,LLLL
       664,2021/8/6,18:41:04,     0,- 0.330,- 0.970,LLLL,LLLL
       665,2021/8/6,18:41:05,     0,- 0.527,- 0.364,LLLL,LLLL
       666,2021/8/6,18:41:06,     0,- 0.430,- 0.164,LLLL,LLLL
       667,2021/8/6,18:41:07,     0,- 0.329,- 0.233,LLLL,LLLL
       668,2021/8/6,18:41:08,     0,- 0.182,+ 0.270,LLLL,LLLL
       669,2021/8/6,18:41:09,     0,- 0.395,- 0.155,LLLL,LLLL
       670,2021/8/6,18:41:10,     0,- 0.465,- 0.163,LLLL,LLLL
       671,2021/8/6,18:41:11,     0,- 0.298,- 0.057,LLLL,LLLL
       672,2021/8/6,18:41:12,     0,- 0.240,- 0.182,LLLL,LLLL
       673,2021/8/6,18:41:13,     0,- 0.244,- 0.289,LLLL,LLLL
       674,2021/8/6,18:41:14,     0,- 0.235,+ 0.064,LLLL,LLLL
       675,2021/8/6,18:41:15,     0,- 0.373,- 0.242,LLLL,LLLL
       676,2021/8/6,18:41:16,     0,- 0.321,- 0.209,LLLL,LLLL
       677,2021/8/6,18:41:17,     0,- 0.422,- 0.247,LLLL,LLLL
       678,2021/8/6,18:41:18,     0,- 0.358,+ 0.207,LLLL,LLLL
       679,2021/8/6,18:41:19,     0,- 0.364,- 0.123,LLLL,LLLL
       680,2021/8/6,18:41:20,     0,- 0.272,- 0.141,LLLL,LLLL
       681,2021/8/6,18:41:21,     0,- 0.283,- 0.099,LLLL,LLLL
       682,2021/8/6,18:41:22,     0,- 0.138,- 0.007,LLLL,LLLL
       683,2021/8/6,18:41:23,     0,- 0.399,+ 0.005,LLLL,LLLL
       684,2021/8/6,18:41:24,     0,- 0.324,- 0.439,LLLL,LLLL
       685,2021/8/6,18:41:25,     0,- 0.294,- 0.055,LLLL,LLLL
       686,2021/8/6,18:41:26,     0,- 0.288,- 0.193,LLLL,LLLL
       687,2021/8/6,18:41:27,     0,- 0.403,- 0.418,LLLL,LLLL
       688,2021/8/6,18:41:28,     0,- 0.147,- 0.018,LLLL,LLLL
       689,2021/8/6,18:41:29,     0,- 0.444,- 0.129,LLLL,LLLL
       690,2021/8/6,18:41:30,     0,- 0.175,- 0.066,LLLL,LLLL
       691,2021/8/6,18:41:31,     0,- 0.121,+ 0.039,LLLL,LLLL
       692,2021/8/6,18:41:32,     0,- 0.230,- 0.122,LLLL,LLLL
       693,2021/8/6,18:41:33,     0,- 0.290,- 0.043,LLLL,LLLL
       694,2021/8/6,18:41:34,     0,- 0.318,- 0.171,LLLL,LLLL
       695,2021/8/6,18:41:35,     0,- 0.204,- 0.227,LLLL,LLLL
       696,2021/8/6,18:41:36,     0,- 0.236,+ 0.130,LLLL,LLLL
       697,2021/8/6,18:41:37,     0,- 0.234,- 0.324,LLLL,LLLL
       698,2021/8/6,18:41:38,     0,- 0.127,+ 0.070,LLLL,LLLL
       699,2021/8/6,18:41:39,     0,+ 0.005,+ 0.330,LLLL,LLLL
       700,2021/8/6,18:41:40,     0,- 0.365,+ 0.259,LLLL,LLLL
       701,2021/8/6,18:41:41,     0,- 0.603,- 0.097,LLLL,LLLL
       702,2021/8/6,18:41:42,     0,- 0.198,- 0.123,LLLL,LLLL
       703,2021/8/6,18:41:43,     0,- 0.329,- 0.109,LLLL,LLLL
       704,2021/8/6,18:41:44,     0,- 0.162,+ 0.230,LLLL,LLLL
       705,2021/8/6,18:41:45,     0,- 0.457,- 0.441,LLLL,LLLL
       706,2021/8/6,18:41:46,     0,- 0.327,- 0.051,LLLL,LLLL
       707,2021/8/6,18:41:47,     0,- 0.188,- 0.112,LLLL,LLLL
       708,2021/8/6,18:41:48,     0,- 0.320,- 0.141,LLLL,LLLL
       709,2021/8/6,18:41:49,     0,- 0.226,- 0.130,LLLL,LLLL
       710,2021/8/6,18:41:50,     0,- 0.286,- 0.100,LLLL,LLLL
       711,2021/8/6,18:41:51,     0,- 0.284,- 0.088,LLLL,LLLL
       712,2021/8/6,18:41:52,     0,- 0.280,- 0.079,LLLL,LLLL
       713,2021/8/6,18:41:53,     0,- 0.277,- 0.089,LLLL,LLLL
       714,2021/8/6,18:41:54,     0,- 0.292,- 0.066,LLLL,LLLL
       715,2021/8/6,18:41:55,     0,- 0.269,- 0.094,LLLL,LLLL
       716,2021/8/6,18:41:56,     0,- 0.268,- 0.131,LLLL,LLLL
       717,2021/8/6,18:41:57,     0,- 0.269,- 0.075,LLLL,LLLL
       718,2021/8/6,18:41:58,     0,- 0.241,- 0.093,LLLL,LLLL
       719,2021/8/6,18:41:59,     0,- 0.286,- 0.133,LLLL,LLLL
       720,2021/8/6,18:42:00,     0,- 0.272,- 0.123,LLLL,LLLL
       721,2021/8/6,18:42:01,     0,- 0.276,- 0.090,LLLL,LLLL
       722,2021/8/6,18:42:02,     0,- 0.285,- 0.094,LLLL,LLLL
       723,2021/8/6,18:42:03,     0,- 0.298,- 0.135,LLLL,LLLL
       724,2021/8/6,18:42:04,     0,- 0.251,- 0.160,LLLL,LLLL
       725,2021/8/6,18:42:05,     0,- 0.290,- 0.103,LLLL,LLLL
       726,2021/8/6,18:42:06,     0,- 0.269,- 0.111,LLLL,LLLL
       727,2021/8/6,18:42:07,     0,- 0.288,- 0.118,LLLL,LLLL
       728,2021/8/6,18:42:08,     0,- 0.283,- 0.091,LLLL,LLLL
       729,2021/8/6,18:42:09,     0,- 0.291,- 0.047,LLLL,LLLL
       730,2021/8/6,18:42:10,     0,- 0.283,- 0.166,LLLL,LLLL
       731,2021/8/6,18:42:11,     0,- 0.272,- 0.098,LLLL,LLLL
       732,2021/8/6,18:42:12,     0,- 0.265,- 0.139,LLLL,LLLL
       733,2021/8/6,18:42:13,     0,- 0.300,- 0.112,LLLL,LLLL
       734,2021/8/6,18:42:14,     0,- 0.276,- 0.099,LLLL,LLLL
