ベンダ,"GRAPHTEC Corporation"
モデル,"GL2000"
バージョン,"Ver1.10  ","Rev0001"
最大CH数,4
Logic/Pulse,Off
温度単位,C
測定間隔,1s
測定点数,       664
トリガ点,         0
開始時刻,2021-08-06,14:57:17
終了時刻,2021-08-06,15:08:20
トリガ時刻,2021-08-06,14:57:17
アンプ設定
CH,信号名,アンプ,入力,レンジ,フィルタ,スパン,,単位,線色,,,線幅
CH1,"CH1","M",DC,10V,Off,+5.000,-5.000,V,28,5,6,0
CH2,"CH2","M",DC,10V,Off,+5.000,-5.000,V,0,13,23,0
XY設定
XY,トレース,X軸,Y軸
XY1,On,CH1,CH2
XY2,Off,CH1,CH3
XY3,Off,CH1,CH4
XY4,Off,CH1,CH2
ポジション・バーニア設定
CH,ポジション,バーニア
CH1,50%,100.0%
CH2,50%,100.0%
CH3,50%,100.0%
CH4,50%,100.0%
測定値
番号,日付,時間,us,CH1,CH2,Alarm,AlarmOut
NO.,Date,Time,us,"V","V","A1234","AO1234"
         1,2021/8/6,14:57:17,     0,- 0.065,- 0.138,LLLL,LLLL
         2,2021/8/6,14:57:18,     0,- 0.069,- 0.153,LLLL,LLLL
         3,2021/8/6,14:57:19,     0,- 0.078,- 0.142,LLLL,LLLL
         4,2021/8/6,14:57:20,     0,- 0.084,- 0.163,LLLL,LLLL
         5,2021/8/6,14:57:21,     0,- 0.080,- 0.184,LLLL,LLLL
         6,2021/8/6,14:57:22,     0,- 0.068,- 0.095,LLLL,LLLL
         7,2021/8/6,14:57:23,     0,- 0.080,- 0.175,LLLL,LLLL
         8,2021/8/6,14:57:24,     0,- 0.060,- 0.164,LLLL,LLLL
         9,2021/8/6,14:57:25,     0,- 0.070,- 0.166,LLLL,LLLL
        10,2021/8/6,14:57:26,     0,- 0.084,- 0.145,LLLL,LLLL
        11,2021/8/6,14:57:27,     0,- 0.095,- 0.158,LLLL,LLLL
        12,2021/8/6,14:57:28,     0,- 0.079,- 0.171,LLLL,LLLL
        13,2021/8/6,14:57:29,     0,- 0.069,- 0.166,LLLL,LLLL
        14,2021/8/6,14:57:30,     0,- 0.057,- 0.169,LLLL,LLLL
        15,2021/8/6,14:57:31,     0,- 0.097,- 0.330,LLLL,LLLL
        16,2021/8/6,14:57:32,     0,- 0.220,- 0.246,LLLL,LLLL
        17,2021/8/6,14:57:33,     0,+ 0.093,- 0.012,LLLL,LLLL
        18,2021/8/6,14:57:34,     0,+ 0.064,- 0.054,LLLL,LLLL
        19,2021/8/6,14:57:35,     0,- 0.035,+ 0.161,LLLL,LLLL
        20,2021/8/6,14:57:36,     0,+ 0.041,- 0.041,LLLL,LLLL
        21,2021/8/6,14:57:37,     0,- 0.164,- 0.130,LLLL,LLLL
        22,2021/8/6,14:57:38,     0,- 0.054,- 0.139,LLLL,LLLL
        23,2021/8/6,14:57:39,     0,- 0.190,- 0.053,LLLL,LLLL
        24,2021/8/6,14:57:40,     0,- 0.069,+ 0.065,LLLL,LLLL
        25,2021/8/6,14:57:41,     0,- 0.196,- 0.508,LLLL,LLLL
        26,2021/8/6,14:57:42,     0,- 0.163,- 0.143,LLLL,LLLL
        27,2021/8/6,14:57:43,     0,- 0.249,- 0.206,LLLL,LLLL
        28,2021/8/6,14:57:44,     0,- 0.088,- 0.238,LLLL,LLLL
        29,2021/8/6,14:57:45,     0,- 0.060,- 0.207,LLLL,LLLL
        30,2021/8/6,14:57:46,     0,- 0.051,+ 0.117,LLLL,LLLL
        31,2021/8/6,14:57:47,     0,+ 0.025,- 0.352,LLLL,LLLL
        32,2021/8/6,14:57:48,     0,- 0.031,- 0.136,LLLL,LLLL
        33,2021/8/6,14:57:49,     0,- 0.234,- 0.236,LLLL,LLLL
        34,2021/8/6,14:57:50,     0,- 0.014,- 0.160,LLLL,LLLL
        35,2021/8/6,14:57:51,     0,- 0.034,- 0.105,LLLL,LLLL
        36,2021/8/6,14:57:52,     0,- 0.288,+ 0.044,LLLL,LLLL
        37,2021/8/6,14:57:53,     0,+ 0.081,- 0.262,LLLL,LLLL
        38,2021/8/6,14:57:54,     0,- 0.039,- 0.188,LLLL,LLLL
        39,2021/8/6,14:57:55,     0,+ 0.045,- 0.044,LLLL,LLLL
        40,2021/8/6,14:57:56,     0,- 0.097,- 0.313,LLLL,LLLL
        41,2021/8/6,14:57:57,     0,- 0.200,+ 0.030,LLLL,LLLL
        42,2021/8/6,14:57:58,     0,- 0.030,- 0.296,LLLL,LLLL
        43,2021/8/6,14:57:59,     0,- 0.011,- 0.214,LLLL,LLLL
        44,2021/8/6,14:58:00,     0,- 0.073,- 0.309,LLLL,LLLL
        45,2021/8/6,14:58:01,     0,- 0.116,- 0.114,LLLL,LLLL
        46,2021/8/6,14:58:02,     0,+ 0.045,- 0.004,LLLL,LLLL
        47,2021/8/6,14:58:03,     0,- 0.345,- 0.423,LLLL,LLLL
        48,2021/8/6,14:58:04,     0,- 0.017,- 0.140,LLLL,LLLL
        49,2021/8/6,14:58:05,     0,- 0.039,- 0.163,LLLL,LLLL
        50,2021/8/6,14:58:06,     0,- 0.140,- 0.343,LLLL,LLLL
        51,2021/8/6,14:58:07,     0,- 0.107,- 0.152,LLLL,LLLL
        52,2021/8/6,14:58:08,     0,+ 0.031,+ 0.043,LLLL,LLLL
        53,2021/8/6,14:58:09,     0,+ 0.018,- 0.336,LLLL,LLLL
        54,2021/8/6,14:58:10,     0,- 0.008,- 0.019,LLLL,LLLL
        55,2021/8/6,14:58:11,     0,- 0.171,- 0.153,LLLL,LLLL
        56,2021/8/6,14:58:12,     0,+ 0.077,- 0.002,LLLL,LLLL
        57,2021/8/6,14:58:13,     0,- 0.115,- 0.039,LLLL,LLLL
        58,2021/8/6,14:58:14,     0,- 0.226,+ 0.076,LLLL,LLLL
        59,2021/8/6,14:58:15,     0,- 0.216,- 0.082,LLLL,LLLL
        60,2021/8/6,14:58:16,     0,- 0.045,- 0.193,LLLL,LLLL
        61,2021/8/6,14:58:17,     0,+ 0.110,- 0.240,LLLL,LLLL
        62,2021/8/6,14:58:18,     0,- 0.108,- 0.158,LLLL,LLLL
        63,2021/8/6,14:58:19,     0,- 0.086,+ 0.149,LLLL,LLLL
        64,2021/8/6,14:58:20,     0,- 0.173,- 0.297,LLLL,LLLL
        65,2021/8/6,14:58:21,     0,- 0.123,- 0.085,LLLL,LLLL
        66,2021/8/6,14:58:22,     0,- 0.132,- 0.180,LLLL,LLLL
        67,2021/8/6,14:58:23,     0,- 0.002,+ 0.019,LLLL,LLLL
        68,2021/8/6,14:58:24,     0,- 0.051,- 0.043,LLLL,LLLL
        69,2021/8/6,14:58:25,     0,- 0.032,+ 0.029,LLLL,LLLL
        70,2021/8/6,14:58:26,     0,- 0.070,- 0.312,LLLL,LLLL
        71,2021/8/6,14:58:27,     0,- 0.097,- 0.227,LLLL,LLLL
        72,2021/8/6,14:58:28,     0,- 0.174,- 0.481,LLLL,LLLL
        73,2021/8/6,14:58:29,     0,- 0.056,- 0.159,LLLL,LLLL
        74,2021/8/6,14:58:30,     0,- 0.080,- 0.006,LLLL,LLLL
        75,2021/8/6,14:58:31,     0,- 0.133,+ 0.001,LLLL,LLLL
        76,2021/8/6,14:58:32,     0,+ 0.035,- 0.124,LLLL,LLLL
        77,2021/8/6,14:58:33,     0,- 0.099,- 0.149,LLLL,LLLL
        78,2021/8/6,14:58:34,     0,- 0.083,- 0.127,LLLL,LLLL
        79,2021/8/6,14:58:35,     0,- 0.120,- 0.045,LLLL,LLLL
        80,2021/8/6,14:58:36,     0,- 0.319,- 0.047,LLLL,LLLL
        81,2021/8/6,14:58:37,     0,- 0.082,- 0.207,LLLL,LLLL
        82,2021/8/6,14:58:38,     0,+ 0.056,- 0.289,LLLL,LLLL
        83,2021/8/6,14:58:39,     0,- 0.294,- 0.307,LLLL,LLLL
        84,2021/8/6,14:58:40,     0,- 0.078,- 0.065,LLLL,LLLL
        85,2021/8/6,14:58:41,     0,+ 0.002,+ 0.046,LLLL,LLLL
        86,2021/8/6,14:58:42,     0,- 0.082,- 0.259,LLLL,LLLL
        87,2021/8/6,14:58:43,     0,- 0.131,- 0.184,LLLL,LLLL
        88,2021/8/6,14:58:44,     0,- 0.034,- 0.148,LLLL,LLLL
        89,2021/8/6,14:58:45,     0,- 0.074,- 0.172,LLLL,LLLL
        90,2021/8/6,14:58:46,     0,- 0.172,- 0.271,LLLL,LLLL
        91,2021/8/6,14:58:47,     0,- 0.048,- 0.109,LLLL,LLLL
        92,2021/8/6,14:58:48,     0,- 0.063,- 0.013,LLLL,LLLL
        93,2021/8/6,14:58:49,     0,- 0.076,- 0.297,LLLL,LLLL
        94,2021/8/6,14:58:50,     0,- 0.060,- 0.109,LLLL,LLLL
        95,2021/8/6,14:58:51,     0,+ 0.071,- 0.163,LLLL,LLLL
        96,2021/8/6,14:58:52,     0,- 0.195,- 0.156,LLLL,LLLL
        97,2021/8/6,14:58:53,     0,- 0.141,+ 0.010,LLLL,LLLL
        98,2021/8/6,14:58:54,     0,- 0.191,- 0.424,LLLL,LLLL
        99,2021/8/6,14:58:55,     0,- 0.143,+ 0.027,LLLL,LLLL
       100,2021/8/6,14:58:56,     0,- 0.045,- 0.154,LLLL,LLLL
       101,2021/8/6,14:58:57,     0,- 0.111,- 0.222,LLLL,LLLL
       102,2021/8/6,14:58:58,     0,- 0.161,- 0.139,LLLL,LLLL
       103,2021/8/6,14:58:59,     0,- 0.028,- 0.303,LLLL,LLLL
       104,2021/8/6,14:59:00,     0,- 0.205,- 0.256,LLLL,LLLL
       105,2021/8/6,14:59:01,     0,+ 0.012,- 0.155,LLLL,LLLL
       106,2021/8/6,14:59:02,     0,- 0.230,+ 0.045,LLLL,LLLL
       107,2021/8/6,14:59:03,     0,- 0.069,+ 0.049,LLLL,LLLL
       108,2021/8/6,14:59:04,     0,- 0.107,- 0.512,LLLL,LLLL
       109,2021/8/6,14:59:05,     0,- 0.050,+ 0.002,LLLL,LLLL
       110,2021/8/6,14:59:06,     0,+ 0.051,- 0.133,LLLL,LLLL
       111,2021/8/6,14:59:07,     0,- 0.045,- 0.282,LLLL,LLLL
       112,2021/8/6,14:59:08,     0,- 0.250,- 0.241,LLLL,LLLL
       113,2021/8/6,14:59:09,     0,- 0.048,- 0.075,LLLL,LLLL
       114,2021/8/6,14:59:10,     0,- 0.150,- 0.246,LLLL,LLLL
       115,2021/8/6,14:59:11,     0,+ 0.026,- 0.042,LLLL,LLLL
       116,2021/8/6,14:59:12,     0,- 0.221,- 0.060,LLLL,LLLL
       117,2021/8/6,14:59:13,     0,+ 0.054,- 0.099,LLLL,LLLL
       118,2021/8/6,14:59:14,     0,- 0.030,- 0.107,LLLL,LLLL
       119,2021/8/6,14:59:15,     0,- 0.319,+ 0.175,LLLL,LLLL
       120,2021/8/6,14:59:16,     0,- 0.030,- 0.225,LLLL,LLLL
       121,2021/8/6,14:59:17,     0,- 0.099,- 0.428,LLLL,LLLL
       122,2021/8/6,14:59:18,     0,- 0.183,- 0.093,LLLL,LLLL
       123,2021/8/6,14:59:19,     0,- 0.055,- 0.238,LLLL,LLLL
       124,2021/8/6,14:59:20,     0,- 0.087,+ 0.031,LLLL,LLLL
       125,2021/8/6,14:59:21,     0,- 0.025,- 0.272,LLLL,LLLL
       126,2021/8/6,14:59:22,     0,- 0.138,- 0.163,LLLL,LLLL
       127,2021/8/6,14:59:23,     0,- 0.115,- 0.396,LLLL,LLLL
       128,2021/8/6,14:59:24,     0,- 0.120,- 0.157,LLLL,LLLL
       129,2021/8/6,14:59:25,     0,- 0.099,- 0.028,LLLL,LLLL
       130,2021/8/6,14:59:26,     0,- 0.046,- 0.195,LLLL,LLLL
       131,2021/8/6,14:59:27,     0,- 0.220,- 0.343,LLLL,LLLL
       132,2021/8/6,14:59:28,     0,- 0.176,- 0.115,LLLL,LLLL
       133,2021/8/6,14:59:29,     0,- 0.017,- 0.194,LLLL,LLLL
       134,2021/8/6,14:59:30,     0,- 0.092,- 0.197,LLLL,LLLL
       135,2021/8/6,14:59:31,     0,- 0.212,- 0.179,LLLL,LLLL
       136,2021/8/6,14:59:32,     0,- 0.160,- 0.002,LLLL,LLLL
       137,2021/8/6,14:59:33,     0,+ 0.005,- 0.108,LLLL,LLLL
       138,2021/8/6,14:59:34,     0,- 0.212,- 0.173,LLLL,LLLL
       139,2021/8/6,14:59:35,     0,- 0.145,- 0.072,LLLL,LLLL
       140,2021/8/6,14:59:36,     0,- 0.049,- 0.341,LLLL,LLLL
       141,2021/8/6,14:59:37,     0,- 0.375,+ 0.087,LLLL,LLLL
       142,2021/8/6,14:59:38,     0,- 0.243,- 0.418,LLLL,LLLL
       143,2021/8/6,14:59:39,     0,- 0.057,- 0.405,LLLL,LLLL
       144,2021/8/6,14:59:40,     0,- 0.100,- 0.161,LLLL,LLLL
       145,2021/8/6,14:59:41,     0,- 0.111,- 0.127,LLLL,LLLL
       146,2021/8/6,14:59:42,     0,- 0.048,- 0.075,LLLL,LLLL
       147,2021/8/6,14:59:43,     0,- 0.211,- 0.432,LLLL,LLLL
       148,2021/8/6,14:59:44,     0,- 0.123,- 0.297,LLLL,LLLL
       149,2021/8/6,14:59:45,     0,- 0.204,- 0.394,LLLL,LLLL
       150,2021/8/6,14:59:46,     0,- 0.086,- 0.190,LLLL,LLLL
       151,2021/8/6,14:59:47,     0,- 0.147,- 0.034,LLLL,LLLL
       152,2021/8/6,14:59:48,     0,- 0.111,- 0.229,LLLL,LLLL
       153,2021/8/6,14:59:49,     0,- 0.011,- 0.198,LLLL,LLLL
       154,2021/8/6,14:59:50,     0,- 0.053,- 0.304,LLLL,LLLL
       155,2021/8/6,14:59:51,     0,- 0.143,- 0.133,LLLL,LLLL
       156,2021/8/6,14:59:52,     0,- 0.016,- 0.024,LLLL,LLLL
       157,2021/8/6,14:59:53,     0,- 0.313,- 0.109,LLLL,LLLL
       158,2021/8/6,14:59:54,     0,- 0.240,+ 0.021,LLLL,LLLL
       159,2021/8/6,14:59:55,     0,- 0.124,- 0.340,LLLL,LLLL
       160,2021/8/6,14:59:56,     0,- 0.091,- 0.115,LLLL,LLLL
       161,2021/8/6,14:59:57,     0,- 0.025,- 0.152,LLLL,LLLL
       162,2021/8/6,14:59:58,     0,+ 0.053,- 0.218,LLLL,LLLL
       163,2021/8/6,14:59:59,     0,- 0.266,+ 0.127,LLLL,LLLL
       164,2021/8/6,15:00:00,     0,- 0.116,- 0.286,LLLL,LLLL
       165,2021/8/6,15:00:01,     0,- 0.138,- 0.094,LLLL,LLLL
       166,2021/8/6,15:00:02,     0,+ 0.110,- 0.132,LLLL,LLLL
       167,2021/8/6,15:00:03,     0,- 0.114,- 0.128,LLLL,LLLL
       168,2021/8/6,15:00:04,     0,- 0.027,- 0.131,LLLL,LLLL
       169,2021/8/6,15:00:05,     0,- 0.195,- 0.345,LLLL,LLLL
       170,2021/8/6,15:00:06,     0,- 0.088,- 0.246,LLLL,LLLL
       171,2021/8/6,15:00:07,     0,- 0.155,- 0.112,LLLL,LLLL
       172,2021/8/6,15:00:08,     0,- 0.092,- 0.106,LLLL,LLLL
       173,2021/8/6,15:00:09,     0,- 0.111,- 0.047,LLLL,LLLL
       174,2021/8/6,15:00:10,     0,- 0.249,- 0.236,LLLL,LLLL
       175,2021/8/6,15:00:11,     0,- 0.102,- 0.067,LLLL,LLLL
       176,2021/8/6,15:00:12,     0,+ 0.058,- 0.058,LLLL,LLLL
       177,2021/8/6,15:00:13,     0,- 0.171,+ 0.034,LLLL,LLLL
       178,2021/8/6,15:00:14,     0,- 0.215,- 0.120,LLLL,LLLL
       179,2021/8/6,15:00:15,     0,- 0.092,- 0.447,LLLL,LLLL
       180,2021/8/6,15:00:16,     0,+ 0.129,+ 0.501,LLLL,LLLL
       181,2021/8/6,15:00:17,     0,+ 1.301,+ 0.701,LLLL,LLLL
       182,2021/8/6,15:00:18,     0,+ 0.020,- 0.881,LLLL,LLLL
       183,2021/8/6,15:00:19,     0,- 0.079,- 0.116,LLLL,LLLL
       184,2021/8/6,15:00:20,     0,- 0.069,- 0.286,LLLL,LLLL
       185,2021/8/6,15:00:21,     0,+ 1.238,- 0.168,LLLL,LLLL
       186,2021/8/6,15:00:22,     0,+ 0.496,+ 0.111,LLLL,LLLL
       187,2021/8/6,15:00:23,     0,- 0.545,- 1.526,LLLL,LLLL
       188,2021/8/6,15:00:24,     0,+ 0.847,- 1.601,LLLL,LLLL
       189,2021/8/6,15:00:25,     0,+ 0.824,- 0.381,LLLL,LLLL
       190,2021/8/6,15:00:26,     0,+ 0.213,- 1.841,LLLL,LLLL
       191,2021/8/6,15:00:27,     0,+ 1.407,- 1.411,LLLL,LLLL
       192,2021/8/6,15:00:28,     0,+ 1.096,- 0.378,LLLL,LLLL
       193,2021/8/6,15:00:29,     0,+ 1.287,- 1.652,LLLL,LLLL
       194,2021/8/6,15:00:30,     0,+ 1.069,- 0.278,LLLL,LLLL
       195,2021/8/6,15:00:31,     0,- 0.159,- 0.310,LLLL,LLLL
       196,2021/8/6,15:00:32,     0,+ 0.553,- 2.529,LLLL,LLLL
       197,2021/8/6,15:00:33,     0,+ 0.653,- 2.325,LLLL,LLLL
       198,2021/8/6,15:00:34,     0,+ 1.637,+ 1.418,LLLL,LLLL
       199,2021/8/6,15:00:35,     0,+ 0.120,- 1.760,LLLL,LLLL
       200,2021/8/6,15:00:36,     0,+ 2.036,+ 0.746,LLLL,LLLL
       201,2021/8/6,15:00:37,     0,+ 2.153,- 0.627,LLLL,LLLL
       202,2021/8/6,15:00:38,     0,+ 0.579,+ 0.569,LLLL,LLLL
       203,2021/8/6,15:00:39,     0,+ 0.367,- 0.085,LLLL,LLLL
       204,2021/8/6,15:00:40,     0,+ 0.370,- 1.902,LLLL,LLLL
       205,2021/8/6,15:00:41,     0,+ 0.959,+ 0.222,LLLL,LLLL
       206,2021/8/6,15:00:42,     0,+ 1.894,- 1.557,LLLL,LLLL
       207,2021/8/6,15:00:43,     0,+ 1.716,+ 0.956,LLLL,LLLL
       208,2021/8/6,15:00:44,     0,+ 0.233,- 0.579,LLLL,LLLL
       209,2021/8/6,15:00:45,     0,+ 1.466,+ 0.291,LLLL,LLLL
       210,2021/8/6,15:00:46,     0,+ 0.862,- 2.017,LLLL,LLLL
       211,2021/8/6,15:00:47,     0,+ 1.635,- 0.432,LLLL,LLLL
       212,2021/8/6,15:00:48,     0,+ 1.265,+ 0.675,LLLL,LLLL
       213,2021/8/6,15:00:49,     0,+ 0.763,+ 1.772,LLLL,LLLL
       214,2021/8/6,15:00:50,     0,+ 1.743,- 1.170,LLLL,LLLL
       215,2021/8/6,15:00:51,     0,+ 0.529,+ 0.329,LLLL,LLLL
       216,2021/8/6,15:00:52,     0,+ 0.370,- 0.013,LLLL,LLLL
       217,2021/8/6,15:00:53,     0,+ 0.686,- 2.634,LLLL,LLLL
       218,2021/8/6,15:00:54,     0,+ 1.578,+ 1.080,LLLL,LLLL
       219,2021/8/6,15:00:55,     0,+ 0.677,- 1.791,LLLL,LLLL
       220,2021/8/6,15:00:56,     0,+ 1.726,+ 0.173,LLLL,LLLL
       221,2021/8/6,15:00:57,     0,+ 0.270,- 1.013,LLLL,LLLL
       222,2021/8/6,15:00:58,     0,- 0.185,+ 0.069,LLLL,LLLL
       223,2021/8/6,15:00:59,     0,+ 1.183,- 1.408,LLLL,LLLL
       224,2021/8/6,15:01:00,     0,+ 0.631,+ 0.212,LLLL,LLLL
       225,2021/8/6,15:01:01,     0,+ 1.109,+ 0.252,LLLL,LLLL
       226,2021/8/6,15:01:02,     0,+ 1.699,- 0.128,LLLL,LLLL
       227,2021/8/6,15:01:03,     0,+ 1.052,- 0.623,LLLL,LLLL
       228,2021/8/6,15:01:04,     0,+ 1.113,+ 1.854,LLLL,LLLL
       229,2021/8/6,15:01:05,     0,+ 0.231,- 2.900,LLLL,LLLL
       230,2021/8/6,15:01:06,     0,+ 1.432,+ 0.755,LLLL,LLLL
       231,2021/8/6,15:01:07,     0,+ 0.497,- 0.034,LLLL,LLLL
       232,2021/8/6,15:01:08,     0,+ 1.083,- 1.939,LLLL,LLLL
       233,2021/8/6,15:01:09,     0,+ 1.378,+ 1.084,LLLL,LLLL
       234,2021/8/6,15:01:10,     0,+ 1.331,+ 1.186,LLLL,LLLL
       235,2021/8/6,15:01:11,     0,+ 1.258,+ 0.510,LLLL,LLLL
       236,2021/8/6,15:01:12,     0,+ 0.445,- 0.508,LLLL,LLLL
       237,2021/8/6,15:01:13,     0,+ 0.460,- 1.913,LLLL,LLLL
       238,2021/8/6,15:01:14,     0,- 0.454,- 0.323,LLLL,LLLL
       239,2021/8/6,15:01:15,     0,+ 1.015,- 1.945,LLLL,LLLL
       240,2021/8/6,15:01:16,     0,+ 0.429,- 2.570,LLLL,LLLL
       241,2021/8/6,15:01:17,     0,+ 0.876,- 0.631,LLLL,LLLL
       242,2021/8/6,15:01:18,     0,+ 1.298,- 0.085,LLLL,LLLL
       243,2021/8/6,15:01:19,     0,+ 0.890,- 1.779,LLLL,LLLL
       244,2021/8/6,15:01:20,     0,+ 0.649,- 1.077,LLLL,LLLL
       245,2021/8/6,15:01:21,     0,+ 1.787,+ 0.579,LLLL,LLLL
       246,2021/8/6,15:01:22,     0,+ 1.880,+ 1.924,LLLL,LLLL
       247,2021/8/6,15:01:23,     0,+ 1.430,- 2.066,LLLL,LLLL
       248,2021/8/6,15:01:24,     0,+ 0.852,- 1.620,LLLL,LLLL
       249,2021/8/6,15:01:25,     0,+ 0.657,- 2.769,LLLL,LLLL
       250,2021/8/6,15:01:26,     0,+ 1.170,- 0.846,LLLL,LLLL
       251,2021/8/6,15:01:27,     0,+ 0.439,- 0.442,LLLL,LLLL
       252,2021/8/6,15:01:28,     0,+ 0.557,- 0.491,LLLL,LLLL
       253,2021/8/6,15:01:29,     0,+ 1.057,- 1.013,LLLL,LLLL
       254,2021/8/6,15:01:30,     0,+ 1.045,- 1.367,LLLL,LLLL
       255,2021/8/6,15:01:31,     0,+ 2.285,+ 0.790,LLLL,LLLL
       256,2021/8/6,15:01:32,     0,+ 0.370,+ 1.918,LLLL,LLLL
       257,2021/8/6,15:01:33,     0,+ 1.036,+ 1.640,LLLL,LLLL
       258,2021/8/6,15:01:34,     0,+ 0.630,- 1.846,LLLL,LLLL
       259,2021/8/6,15:01:35,     0,+ 0.378,+ 0.630,LLLL,LLLL
       260,2021/8/6,15:01:36,     0,+ 0.866,- 0.601,LLLL,LLLL
       261,2021/8/6,15:01:37,     0,+ 1.848,+ 1.384,LLLL,LLLL
       262,2021/8/6,15:01:38,     0,+ 1.683,- 1.332,LLLL,LLLL
       263,2021/8/6,15:01:39,     0,+ 0.774,- 0.927,LLLL,LLLL
       264,2021/8/6,15:01:40,     0,+ 0.102,- 0.259,LLLL,LLLL
       265,2021/8/6,15:01:41,     0,+ 1.088,+ 0.732,LLLL,LLLL
       266,2021/8/6,15:01:42,     0,+ 0.487,+ 0.200,LLLL,LLLL
       267,2021/8/6,15:01:43,     0,+ 0.795,- 1.241,LLLL,LLLL
       268,2021/8/6,15:01:44,     0,+ 0.609,- 0.574,LLLL,LLLL
       269,2021/8/6,15:01:45,     0,+ 0.626,- 0.679,LLLL,LLLL
       270,2021/8/6,15:01:46,     0,+ 0.453,- 1.572,LLLL,LLLL
       271,2021/8/6,15:01:47,     0,+ 1.982,- 2.795,LLLL,LLLL
       272,2021/8/6,15:01:48,     0,+ 0.803,- 0.482,LLLL,LLLL
       273,2021/8/6,15:01:49,     0,+ 2.003,- 0.266,LLLL,LLLL
       274,2021/8/6,15:01:50,     0,+ 1.570,+ 0.241,LLLL,LLLL
       275,2021/8/6,15:01:51,     0,+ 0.543,+ 0.037,LLLL,LLLL
       276,2021/8/6,15:01:52,     0,+ 0.792,- 1.313,LLLL,LLLL
       277,2021/8/6,15:01:53,     0,+ 0.748,- 0.676,LLLL,LLLL
       278,2021/8/6,15:01:54,     0,+ 1.046,- 0.666,LLLL,LLLL
       279,2021/8/6,15:01:55,     0,+ 0.505,- 1.548,LLLL,LLLL
       280,2021/8/6,15:01:56,     0,+ 0.543,+ 0.301,LLLL,LLLL
       281,2021/8/6,15:01:57,     0,+ 1.515,- 0.793,LLLL,LLLL
       282,2021/8/6,15:01:58,     0,+ 0.832,+ 0.423,LLLL,LLLL
       283,2021/8/6,15:01:59,     0,+ 0.527,- 0.540,LLLL,LLLL
       284,2021/8/6,15:02:00,     0,+ 0.479,- 1.194,LLLL,LLLL
       285,2021/8/6,15:02:01,     0,+ 1.127,- 0.420,LLLL,LLLL
       286,2021/8/6,15:02:02,     0,+ 1.080,- 0.604,LLLL,LLLL
       287,2021/8/6,15:02:03,     0,+ 1.042,+ 0.583,LLLL,LLLL
       288,2021/8/6,15:02:04,     0,+ 0.220,- 3.182,LLLL,LLLL
       289,2021/8/6,15:02:05,     0,+ 0.863,+ 0.415,LLLL,LLLL
       290,2021/8/6,15:02:06,     0,+ 0.630,- 1.480,LLLL,LLLL
       291,2021/8/6,15:02:07,     0,+ 0.600,- 1.870,LLLL,LLLL
       292,2021/8/6,15:02:08,     0,+ 0.606,+ 0.461,LLLL,LLLL
       293,2021/8/6,15:02:09,     0,+ 0.999,+ 0.124,LLLL,LLLL
       294,2021/8/6,15:02:10,     0,+ 1.733,- 0.431,LLLL,LLLL
       295,2021/8/6,15:02:11,     0,+ 0.992,- 0.085,LLLL,LLLL
       296,2021/8/6,15:02:12,     0,+ 1.869,- 0.505,LLLL,LLLL
       297,2021/8/6,15:02:13,     0,+ 1.177,- 0.617,LLLL,LLLL
       298,2021/8/6,15:02:14,     0,+ 1.903,- 0.275,LLLL,LLLL
       299,2021/8/6,15:02:15,     0,+ 1.102,+ 0.687,LLLL,LLLL
       300,2021/8/6,15:02:16,     0,+ 0.712,+ 0.630,LLLL,LLLL
       301,2021/8/6,15:02:17,     0,- 0.116,- 1.128,LLLL,LLLL
       302,2021/8/6,15:02:18,     0,+ 0.860,+ 0.514,LLLL,LLLL
       303,2021/8/6,15:02:19,     0,+ 0.767,- 2.891,LLLL,LLLL
       304,2021/8/6,15:02:20,     0,+ 0.555,+ 0.639,LLLL,LLLL
       305,2021/8/6,15:02:21,     0,+ 0.771,- 1.244,LLLL,LLLL
       306,2021/8/6,15:02:22,     0,+ 0.490,- 0.265,LLLL,LLLL
       307,2021/8/6,15:02:23,     0,+ 1.197,+ 1.634,LLLL,LLLL
       308,2021/8/6,15:02:24,     0,+ 0.985,- 1.860,LLLL,LLLL
       309,2021/8/6,15:02:25,     0,+ 1.209,+ 0.154,LLLL,LLLL
       310,2021/8/6,15:02:26,     0,+ 0.690,- 0.343,LLLL,LLLL
       311,2021/8/6,15:02:27,     0,+ 1.759,- 1.542,LLLL,LLLL
       312,2021/8/6,15:02:28,     0,+ 1.531,+ 2.870,LLLL,LLLL
       313,2021/8/6,15:02:29,     0,+ 0.626,- 0.241,LLLL,LLLL
       314,2021/8/6,15:02:30,     0,+ 1.441,+ 0.421,LLLL,LLLL
       315,2021/8/6,15:02:31,     0,+ 0.904,+ 0.710,LLLL,LLLL
       316,2021/8/6,15:02:32,     0,+ 0.835,+ 0.737,LLLL,LLLL
       317,2021/8/6,15:02:33,     0,+ 0.097,- 1.965,LLLL,LLLL
       318,2021/8/6,15:02:34,     0,+ 1.089,- 2.077,LLLL,LLLL
       319,2021/8/6,15:02:35,     0,+ 0.900,+ 1.910,LLLL,LLLL
       320,2021/8/6,15:02:36,     0,+ 1.034,- 1.847,LLLL,LLLL
       321,2021/8/6,15:02:37,     0,+ 1.283,- 0.400,LLLL,LLLL
       322,2021/8/6,15:02:38,     0,+ 1.953,- 2.472,LLLL,LLLL
       323,2021/8/6,15:02:39,     0,+ 0.861,- 0.026,LLLL,LLLL
       324,2021/8/6,15:02:40,     0,- 0.072,- 0.654,LLLL,LLLL
       325,2021/8/6,15:02:41,     0,+ 0.857,- 1.083,LLLL,LLLL
       326,2021/8/6,15:02:42,     0,+ 1.389,- 2.260,LLLL,LLLL
       327,2021/8/6,15:02:43,     0,+ 1.189,+ 0.241,LLLL,LLLL
       328,2021/8/6,15:02:44,     0,+ 1.599,- 0.058,LLLL,LLLL
       329,2021/8/6,15:02:45,     0,+ 1.821,+ 2.002,LLLL,LLLL
       330,2021/8/6,15:02:46,     0,+ 0.968,- 0.399,LLLL,LLLL
       331,2021/8/6,15:02:47,     0,+ 0.839,+ 0.121,LLLL,LLLL
       332,2021/8/6,15:02:48,     0,+ 0.954,+ 0.284,LLLL,LLLL
       333,2021/8/6,15:02:49,     0,+ 0.549,- 0.408,LLLL,LLLL
       334,2021/8/6,15:02:50,     0,+ 0.770,+ 0.295,LLLL,LLLL
       335,2021/8/6,15:02:51,     0,+ 0.705,- 1.889,LLLL,LLLL
       336,2021/8/6,15:02:52,     0,+ 1.107,- 2.331,LLLL,LLLL
       337,2021/8/6,15:02:53,     0,+ 0.976,- 1.421,LLLL,LLLL
       338,2021/8/6,15:02:54,     0,+ 1.427,+ 0.066,LLLL,LLLL
       339,2021/8/6,15:02:55,     0,+ 0.340,- 1.813,LLLL,LLLL
       340,2021/8/6,15:02:56,     0,+ 0.277,- 0.353,LLLL,LLLL
       341,2021/8/6,15:02:57,     0,+ 0.617,- 1.654,LLLL,LLLL
       342,2021/8/6,15:02:58,     0,+ 0.923,+ 0.419,LLLL,LLLL
       343,2021/8/6,15:02:59,     0,- 0.259,- 2.409,LLLL,LLLL
       344,2021/8/6,15:03:00,     0,+ 1.609,- 1.523,LLLL,LLLL
       345,2021/8/6,15:03:01,     0,+ 1.166,- 0.289,LLLL,LLLL
       346,2021/8/6,15:03:02,     0,+ 0.518,+ 0.633,LLLL,LLLL
       347,2021/8/6,15:03:03,     0,+ 1.502,- 0.103,LLLL,LLLL
       348,2021/8/6,15:03:04,     0,+ 0.518,- 0.595,LLLL,LLLL
       349,2021/8/6,15:03:05,     0,+ 0.546,+ 0.770,LLLL,LLLL
       350,2021/8/6,15:03:06,     0,+ 1.320,- 0.354,LLLL,LLLL
       351,2021/8/6,15:03:07,     0,+ 0.545,- 0.126,LLLL,LLLL
       352,2021/8/6,15:03:08,     0,+ 0.969,- 0.105,LLLL,LLLL
       353,2021/8/6,15:03:09,     0,+ 1.549,+ 1.335,LLLL,LLLL
       354,2021/8/6,15:03:10,     0,+ 0.528,- 0.789,LLLL,LLLL
       355,2021/8/6,15:03:11,     0,+ 1.673,- 0.636,LLLL,LLLL
       356,2021/8/6,15:03:12,     0,+ 1.420,+ 0.525,LLLL,LLLL
       357,2021/8/6,15:03:13,     0,+ 1.087,- 0.612,LLLL,LLLL
       358,2021/8/6,15:03:14,     0,+ 0.879,- 1.618,LLLL,LLLL
       359,2021/8/6,15:03:15,     0,+ 1.502,- 2.205,LLLL,LLLL
       360,2021/8/6,15:03:16,     0,+ 1.407,+ 0.515,LLLL,LLLL
       361,2021/8/6,15:03:17,     0,+ 0.427,- 1.597,LLLL,LLLL
       362,2021/8/6,15:03:18,     0,+ 1.653,- 2.112,LLLL,LLLL
       363,2021/8/6,15:03:19,     0,+ 1.085,+ 1.552,LLLL,LLLL
       364,2021/8/6,15:03:20,     0,+ 0.476,- 0.780,LLLL,LLLL
       365,2021/8/6,15:03:21,     0,+ 1.621,- 0.534,LLLL,LLLL
       366,2021/8/6,15:03:22,     0,+ 1.078,- 3.172,LLLL,LLLL
       367,2021/8/6,15:03:23,     0,+ 0.430,- 1.380,LLLL,LLLL
       368,2021/8/6,15:03:24,     0,+ 1.395,+ 0.973,LLLL,LLLL
       369,2021/8/6,15:03:25,     0,+ 0.642,- 2.149,LLLL,LLLL
       370,2021/8/6,15:03:26,     0,+ 1.862,+ 0.729,LLLL,LLLL
       371,2021/8/6,15:03:27,     0,- 0.048,- 0.978,LLLL,LLLL
       372,2021/8/6,15:03:28,     0,+ 1.340,- 0.460,LLLL,LLLL
       373,2021/8/6,15:03:29,     0,+ 0.388,- 0.250,LLLL,LLLL
       374,2021/8/6,15:03:30,     0,+ 0.345,- 0.681,LLLL,LLLL
       375,2021/8/6,15:03:31,     0,+ 0.457,- 1.225,LLLL,LLLL
       376,2021/8/6,15:03:32,     0,+ 1.146,- 0.036,LLLL,LLLL
       377,2021/8/6,15:03:33,     0,+ 0.985,- 0.250,LLLL,LLLL
       378,2021/8/6,15:03:34,     0,+ 1.055,- 0.831,LLLL,LLLL
       379,2021/8/6,15:03:35,     0,+ 0.867,+ 0.880,LLLL,LLLL
       380,2021/8/6,15:03:36,     0,+ 1.068,- 3.099,LLLL,LLLL
       381,2021/8/6,15:03:37,     0,- 0.070,- 0.212,LLLL,LLLL
       382,2021/8/6,15:03:38,     0,+ 0.647,+ 0.702,LLLL,LLLL
       383,2021/8/6,15:03:39,     0,+ 0.149,+ 1.623,LLLL,LLLL
       384,2021/8/6,15:03:40,     0,+ 1.493,+ 1.002,LLLL,LLLL
       385,2021/8/6,15:03:41,     0,+ 0.285,- 0.408,LLLL,LLLL
       386,2021/8/6,15:03:42,     0,+ 1.018,- 0.446,LLLL,LLLL
       387,2021/8/6,15:03:43,     0,+ 0.461,+ 1.735,LLLL,LLLL
       388,2021/8/6,15:03:44,     0,+ 2.007,+ 0.183,LLLL,LLLL
       389,2021/8/6,15:03:45,     0,+ 0.745,- 0.409,LLLL,LLLL
       390,2021/8/6,15:03:46,     0,+ 1.366,+ 1.131,LLLL,LLLL
       391,2021/8/6,15:03:47,     0,+ 0.711,+ 0.862,LLLL,LLLL
       392,2021/8/6,15:03:48,     0,+ 1.960,+ 1.499,LLLL,LLLL
       393,2021/8/6,15:03:49,     0,+ 1.052,+ 0.080,LLLL,LLLL
       394,2021/8/6,15:03:50,     0,+ 0.963,+ 0.482,LLLL,LLLL
       395,2021/8/6,15:03:51,     0,+ 1.159,- 1.153,LLLL,LLLL
       396,2021/8/6,15:03:52,     0,+ 0.685,- 0.903,LLLL,LLLL
       397,2021/8/6,15:03:53,     0,- 0.290,- 2.505,LLLL,LLLL
       398,2021/8/6,15:03:54,     0,+ 1.693,+ 0.404,LLLL,LLLL
       399,2021/8/6,15:03:55,     0,+ 0.709,- 1.999,LLLL,LLLL
       400,2021/8/6,15:03:56,     0,+ 1.311,- 0.545,LLLL,LLLL
       401,2021/8/6,15:03:57,     0,+ 0.902,- 1.244,LLLL,LLLL
       402,2021/8/6,15:03:58,     0,+ 0.306,- 0.173,LLLL,LLLL
       403,2021/8/6,15:03:59,     0,- 0.058,+ 0.605,LLLL,LLLL
       404,2021/8/6,15:04:00,     0,+ 0.413,- 1.652,LLLL,LLLL
       405,2021/8/6,15:04:01,     0,+ 0.087,- 2.691,LLLL,LLLL
       406,2021/8/6,15:04:02,     0,+ 1.187,- 0.425,LLLL,LLLL
       407,2021/8/6,15:04:03,     0,+ 1.422,+ 3.406,LLLL,LLLL
       408,2021/8/6,15:04:04,     0,+ 0.912,- 2.661,LLLL,LLLL
       409,2021/8/6,15:04:05,     0,+ 1.017,- 0.893,LLLL,LLLL
       410,2021/8/6,15:04:06,     0,+ 0.428,- 1.008,LLLL,LLLL
       411,2021/8/6,15:04:07,     0,+ 1.619,- 0.845,LLLL,LLLL
       412,2021/8/6,15:04:08,     0,+ 1.169,+ 0.229,LLLL,LLLL
       413,2021/8/6,15:04:09,     0,+ 1.885,+ 0.276,LLLL,LLLL
       414,2021/8/6,15:04:10,     0,+ 0.848,- 0.594,LLLL,LLLL
       415,2021/8/6,15:04:11,     0,+ 0.275,- 1.337,LLLL,LLLL
       416,2021/8/6,15:04:12,     0,+ 1.046,- 2.024,LLLL,LLLL
       417,2021/8/6,15:04:13,     0,+ 1.374,+ 1.751,LLLL,LLLL
       418,2021/8/6,15:04:14,     0,+ 0.876,- 0.438,LLLL,LLLL
       419,2021/8/6,15:04:15,     0,+ 1.163,- 0.574,LLLL,LLLL
       420,2021/8/6,15:04:16,     0,- 0.109,- 0.990,LLLL,LLLL
       421,2021/8/6,15:04:17,     0,+ 0.529,- 0.444,LLLL,LLLL
       422,2021/8/6,15:04:18,     0,+ 1.593,- 0.625,LLLL,LLLL
       423,2021/8/6,15:04:19,     0,+ 0.900,- 0.775,LLLL,LLLL
       424,2021/8/6,15:04:20,     0,+ 1.064,+ 1.720,LLLL,LLLL
       425,2021/8/6,15:04:21,     0,+ 0.133,- 1.924,LLLL,LLLL
       426,2021/8/6,15:04:22,     0,+ 0.484,- 0.816,LLLL,LLLL
       427,2021/8/6,15:04:23,     0,+ 1.076,- 1.409,LLLL,LLLL
       428,2021/8/6,15:04:24,     0,+ 0.672,- 1.453,LLLL,LLLL
       429,2021/8/6,15:04:25,     0,+ 0.593,+ 1.112,LLLL,LLLL
       430,2021/8/6,15:04:26,     0,+ 1.212,- 1.097,LLLL,LLLL
       431,2021/8/6,15:04:27,     0,+ 0.569,+ 0.512,LLLL,LLLL
       432,2021/8/6,15:04:28,     0,+ 0.397,- 1.853,LLLL,LLLL
       433,2021/8/6,15:04:29,     0,+ 0.716,- 1.020,LLLL,LLLL
       434,2021/8/6,15:04:30,     0,+ 1.455,- 1.563,LLLL,LLLL
       435,2021/8/6,15:04:31,     0,+ 0.460,+ 1.303,LLLL,LLLL
       436,2021/8/6,15:04:32,     0,+ 0.652,- 0.967,LLLL,LLLL
       437,2021/8/6,15:04:33,     0,+ 1.750,+ 1.346,LLLL,LLLL
       438,2021/8/6,15:04:34,     0,+ 0.233,- 2.529,LLLL,LLLL
       439,2021/8/6,15:04:35,     0,+ 1.353,+ 1.041,LLLL,LLLL
       440,2021/8/6,15:04:36,     0,+ 0.042,+ 0.687,LLLL,LLLL
       441,2021/8/6,15:04:37,     0,+ 0.731,+ 0.601,LLLL,LLLL
       442,2021/8/6,15:04:38,     0,+ 0.173,- 2.673,LLLL,LLLL
       443,2021/8/6,15:04:39,     0,+ 0.915,- 0.292,LLLL,LLLL
       444,2021/8/6,15:04:40,     0,+ 0.743,- 2.276,LLLL,LLLL
       445,2021/8/6,15:04:41,     0,+ 1.321,- 0.885,LLLL,LLLL
       446,2021/8/6,15:04:42,     0,+ 0.824,- 0.676,LLLL,LLLL
       447,2021/8/6,15:04:43,     0,+ 0.077,- 1.225,LLLL,LLLL
       448,2021/8/6,15:04:44,     0,+ 0.701,- 0.572,LLLL,LLLL
       449,2021/8/6,15:04:45,     0,+ 1.197,+ 0.047,LLLL,LLLL
       450,2021/8/6,15:04:46,     0,+ 0.996,+ 0.034,LLLL,LLLL
       451,2021/8/6,15:04:47,     0,+ 1.428,+ 0.332,LLLL,LLLL
       452,2021/8/6,15:04:48,     0,+ 0.430,- 0.469,LLLL,LLLL
       453,2021/8/6,15:04:49,     0,+ 0.457,- 1.609,LLLL,LLLL
       454,2021/8/6,15:04:50,     0,+ 1.155,- 0.836,LLLL,LLLL
       455,2021/8/6,15:04:51,     0,+ 1.227,+ 0.554,LLLL,LLLL
       456,2021/8/6,15:04:52,     0,+ 0.615,- 1.334,LLLL,LLLL
       457,2021/8/6,15:04:53,     0,+ 1.559,+ 0.429,LLLL,LLLL
       458,2021/8/6,15:04:54,     0,+ 0.599,- 2.303,LLLL,LLLL
       459,2021/8/6,15:04:55,     0,+ 0.682,+ 0.700,LLLL,LLLL
       460,2021/8/6,15:04:56,     0,+ 1.298,- 0.364,LLLL,LLLL
       461,2021/8/6,15:04:57,     0,+ 1.419,- 0.324,LLLL,LLLL
       462,2021/8/6,15:04:58,     0,+ 0.161,+ 0.757,LLLL,LLLL
       463,2021/8/6,15:04:59,     0,+ 0.255,- 1.994,LLLL,LLLL
       464,2021/8/6,15:05:00,     0,+ 0.085,- 1.892,LLLL,LLLL
       465,2021/8/6,15:05:01,     0,+ 0.233,- 2.284,LLLL,LLLL
       466,2021/8/6,15:05:02,     0,+ 1.427,+ 0.843,LLLL,LLLL
       467,2021/8/6,15:05:03,     0,+ 0.875,+ 0.521,LLLL,LLLL
       468,2021/8/6,15:05:04,     0,+ 0.229,- 0.583,LLLL,LLLL
       469,2021/8/6,15:05:05,     0,+ 1.636,- 0.044,LLLL,LLLL
       470,2021/8/6,15:05:06,     0,+ 1.159,+ 1.739,LLLL,LLLL
       471,2021/8/6,15:05:07,     0,+ 1.560,+ 0.353,LLLL,LLLL
       472,2021/8/6,15:05:08,     0,+ 0.231,- 1.744,LLLL,LLLL
       473,2021/8/6,15:05:09,     0,+ 0.905,+ 0.080,LLLL,LLLL
       474,2021/8/6,15:05:10,     0,+ 0.839,+ 0.172,LLLL,LLLL
       475,2021/8/6,15:05:11,     0,+ 0.621,+ 0.279,LLLL,LLLL
       476,2021/8/6,15:05:12,     0,+ 0.916,- 0.044,LLLL,LLLL
       477,2021/8/6,15:05:13,     0,+ 0.835,+ 0.365,LLLL,LLLL
       478,2021/8/6,15:05:14,     0,+ 0.322,- 2.964,LLLL,LLLL
       479,2021/8/6,15:05:15,     0,+ 0.479,+ 2.068,LLLL,LLLL
       480,2021/8/6,15:05:16,     0,+ 0.907,+ 0.908,LLLL,LLLL
       481,2021/8/6,15:05:17,     0,+ 0.190,- 0.192,LLLL,LLLL
       482,2021/8/6,15:05:18,     0,- 0.218,- 2.254,LLLL,LLLL
       483,2021/8/6,15:05:19,     0,+ 1.894,+ 0.178,LLLL,LLLL
       484,2021/8/6,15:05:20,     0,+ 0.947,- 2.666,LLLL,LLLL
       485,2021/8/6,15:05:21,     0,+ 0.825,- 0.444,LLLL,LLLL
       486,2021/8/6,15:05:22,     0,+ 1.530,+ 0.437,LLLL,LLLL
       487,2021/8/6,15:05:23,     0,+ 1.102,- 1.252,LLLL,LLLL
       488,2021/8/6,15:05:24,     0,+ 0.930,- 1.771,LLLL,LLLL
       489,2021/8/6,15:05:25,     0,+ 0.722,+ 0.050,LLLL,LLLL
       490,2021/8/6,15:05:26,     0,+ 1.332,+ 0.582,LLLL,LLLL
       491,2021/8/6,15:05:27,     0,- 0.342,- 1.244,LLLL,LLLL
       492,2021/8/6,15:05:28,     0,+ 1.856,+ 0.692,LLLL,LLLL
       493,2021/8/6,15:05:29,     0,+ 0.585,- 0.412,LLLL,LLLL
       494,2021/8/6,15:05:30,     0,+ 1.828,+ 0.991,LLLL,LLLL
       495,2021/8/6,15:05:31,     0,+ 0.748,- 2.924,LLLL,LLLL
       496,2021/8/6,15:05:32,     0,+ 0.768,+ 0.016,LLLL,LLLL
       497,2021/8/6,15:05:33,     0,+ 0.772,- 1.446,LLLL,LLLL
       498,2021/8/6,15:05:34,     0,+ 1.106,+ 0.582,LLLL,LLLL
       499,2021/8/6,15:05:35,     0,+ 0.859,- 0.767,LLLL,LLLL
       500,2021/8/6,15:05:36,     0,+ 0.682,- 2.370,LLLL,LLLL
       501,2021/8/6,15:05:37,     0,+ 1.204,+ 0.080,LLLL,LLLL
       502,2021/8/6,15:05:38,     0,+ 1.243,- 0.587,LLLL,LLLL
       503,2021/8/6,15:05:39,     0,+ 0.903,- 2.483,LLLL,LLLL
       504,2021/8/6,15:05:40,     0,+ 0.660,+ 0.679,LLLL,LLLL
       505,2021/8/6,15:05:41,     0,+ 0.969,- 1.644,LLLL,LLLL
       506,2021/8/6,15:05:42,     0,+ 1.417,- 0.155,LLLL,LLLL
       507,2021/8/6,15:05:43,     0,+ 0.240,- 0.112,LLLL,LLLL
       508,2021/8/6,15:05:44,     0,+ 2.269,- 1.029,LLLL,LLLL
       509,2021/8/6,15:05:45,     0,+ 1.057,+ 1.016,LLLL,LLLL
       510,2021/8/6,15:05:46,     0,+ 0.523,- 3.410,LLLL,LLLL
       511,2021/8/6,15:05:47,     0,+ 0.820,- 0.188,LLLL,LLLL
       512,2021/8/6,15:05:48,     0,+ 0.522,+ 0.766,LLLL,LLLL
       513,2021/8/6,15:05:49,     0,+ 0.803,- 0.715,LLLL,LLLL
       514,2021/8/6,15:05:50,     0,+ 0.331,- 0.822,LLLL,LLLL
       515,2021/8/6,15:05:51,     0,+ 1.224,- 0.848,LLLL,LLLL
       516,2021/8/6,15:05:52,     0,+ 1.256,- 1.305,LLLL,LLLL
       517,2021/8/6,15:05:53,     0,+ 1.818,+ 0.644,LLLL,LLLL
       518,2021/8/6,15:05:54,     0,+ 0.911,- 0.580,LLLL,LLLL
       519,2021/8/6,15:05:55,     0,+ 0.497,+ 2.050,LLLL,LLLL
       520,2021/8/6,15:05:56,     0,+ 0.138,+ 0.824,LLLL,LLLL
       521,2021/8/6,15:05:57,     0,+ 0.700,- 2.339,LLLL,LLLL
       522,2021/8/6,15:05:58,     0,+ 1.167,- 1.087,LLLL,LLLL
       523,2021/8/6,15:05:59,     0,+ 1.737,- 0.778,LLLL,LLLL
       524,2021/8/6,15:06:00,     0,+ 1.508,+ 1.437,LLLL,LLLL
       525,2021/8/6,15:06:01,     0,- 0.110,- 1.641,LLLL,LLLL
       526,2021/8/6,15:06:02,     0,+ 0.952,- 0.661,LLLL,LLLL
       527,2021/8/6,15:06:03,     0,+ 0.716,+ 0.040,LLLL,LLLL
       528,2021/8/6,15:06:04,     0,+ 1.653,+ 1.448,LLLL,LLLL
       529,2021/8/6,15:06:05,     0,+ 0.918,+ 0.209,LLLL,LLLL
       530,2021/8/6,15:06:06,     0,+ 1.650,+ 1.103,LLLL,LLLL
       531,2021/8/6,15:06:07,     0,+ 1.007,- 1.069,LLLL,LLLL
       532,2021/8/6,15:06:08,     0,+ 1.138,- 0.148,LLLL,LLLL
       533,2021/8/6,15:06:09,     0,+ 1.721,+ 0.668,LLLL,LLLL
       534,2021/8/6,15:06:10,     0,- 0.290,- 2.123,LLLL,LLLL
       535,2021/8/6,15:06:11,     0,- 0.746,- 0.031,LLLL,LLLL
       536,2021/8/6,15:06:12,     0,+ 0.301,- 0.226,LLLL,LLLL
       537,2021/8/6,15:06:13,     0,+ 1.957,+ 0.786,LLLL,LLLL
       538,2021/8/6,15:06:14,     0,+ 0.465,- 0.903,LLLL,LLLL
       539,2021/8/6,15:06:15,     0,+ 0.878,+ 0.620,LLLL,LLLL
       540,2021/8/6,15:06:16,     0,+ 1.077,- 0.280,LLLL,LLLL
       541,2021/8/6,15:06:17,     0,+ 0.490,- 1.824,LLLL,LLLL
       542,2021/8/6,15:06:18,     0,+ 1.478,- 1.981,LLLL,LLLL
       543,2021/8/6,15:06:19,     0,+ 1.227,- 0.714,LLLL,LLLL
       544,2021/8/6,15:06:20,     0,+ 0.729,- 0.417,LLLL,LLLL
       545,2021/8/6,15:06:21,     0,+ 0.331,- 1.711,LLLL,LLLL
       546,2021/8/6,15:06:22,     0,+ 0.627,+ 1.325,LLLL,LLLL
       547,2021/8/6,15:06:23,     0,+ 1.505,- 1.988,LLLL,LLLL
       548,2021/8/6,15:06:24,     0,+ 1.037,+ 0.447,LLLL,LLLL
       549,2021/8/6,15:06:25,     0,+ 0.443,- 1.531,LLLL,LLLL
       550,2021/8/6,15:06:26,     0,+ 0.494,- 0.141,LLLL,LLLL
       551,2021/8/6,15:06:27,     0,+ 0.509,+ 0.696,LLLL,LLLL
       552,2021/8/6,15:06:28,     0,+ 1.054,+ 0.328,LLLL,LLLL
       553,2021/8/6,15:06:29,     0,+ 0.465,+ 0.705,LLLL,LLLL
       554,2021/8/6,15:06:30,     0,+ 0.466,- 1.921,LLLL,LLLL
       555,2021/8/6,15:06:31,     0,+ 0.713,+ 0.366,LLLL,LLLL
       556,2021/8/6,15:06:32,     0,+ 0.396,- 1.564,LLLL,LLLL
       557,2021/8/6,15:06:33,     0,+ 0.990,+ 1.031,LLLL,LLLL
       558,2021/8/6,15:06:34,     0,+ 0.509,- 2.269,LLLL,LLLL
       559,2021/8/6,15:06:35,     0,+ 1.842,- 0.352,LLLL,LLLL
       560,2021/8/6,15:06:36,     0,+ 0.072,- 1.078,LLLL,LLLL
       561,2021/8/6,15:06:37,     0,+ 0.780,- 0.090,LLLL,LLLL
       562,2021/8/6,15:06:38,     0,+ 1.153,+ 1.690,LLLL,LLLL
       563,2021/8/6,15:06:39,     0,+ 1.515,+ 2.241,LLLL,LLLL
       564,2021/8/6,15:06:40,     0,+ 0.959,- 0.837,LLLL,LLLL
       565,2021/8/6,15:06:41,     0,- 0.516,- 0.689,LLLL,LLLL
       566,2021/8/6,15:06:42,     0,- 0.119,+ 1.636,LLLL,LLLL
       567,2021/8/6,15:06:43,     0,- 0.167,+ 0.040,LLLL,LLLL
       568,2021/8/6,15:06:44,     0,- 0.300,- 0.642,LLLL,LLLL
       569,2021/8/6,15:06:45,     0,- 0.780,- 0.261,LLLL,LLLL
       570,2021/8/6,15:06:46,     0,- 0.366,- 0.348,LLLL,LLLL
       571,2021/8/6,15:06:47,     0,- 0.324,- 0.263,LLLL,LLLL
       572,2021/8/6,15:06:48,     0,- 0.153,- 0.252,LLLL,LLLL
       573,2021/8/6,15:06:49,     0,- 0.356,- 0.131,LLLL,LLLL
       574,2021/8/6,15:06:50,     0,- 0.403,- 0.144,LLLL,LLLL
       575,2021/8/6,15:06:51,     0,- 0.245,- 0.066,LLLL,LLLL
       576,2021/8/6,15:06:52,     0,- 0.312,+ 0.026,LLLL,LLLL
       577,2021/8/6,15:06:53,     0,- 0.286,- 0.124,LLLL,LLLL
       578,2021/8/6,15:06:54,     0,- 0.086,- 0.235,LLLL,LLLL
       579,2021/8/6,15:06:55,     0,- 0.247,+ 0.195,LLLL,LLLL
       580,2021/8/6,15:06:56,     0,- 0.304,- 0.114,LLLL,LLLL
       581,2021/8/6,15:06:57,     0,- 0.308,- 0.144,LLLL,LLLL
       582,2021/8/6,15:06:58,     0,- 0.563,- 0.110,LLLL,LLLL
       583,2021/8/6,15:06:59,     0,- 0.264,- 0.037,LLLL,LLLL
       584,2021/8/6,15:07:00,     0,- 0.291,- 0.252,LLLL,LLLL
       585,2021/8/6,15:07:01,     0,- 0.362,+ 0.098,LLLL,LLLL
       586,2021/8/6,15:07:02,     0,- 0.382,- 0.209,LLLL,LLLL
       587,2021/8/6,15:07:03,     0,- 0.337,- 0.214,LLLL,LLLL
       588,2021/8/6,15:07:04,     0,- 0.352,- 0.104,LLLL,LLLL
       589,2021/8/6,15:07:05,     0,- 0.312,- 0.253,LLLL,LLLL
       590,2021/8/6,15:07:06,     0,- 0.097,- 0.052,LLLL,LLLL
       591,2021/8/6,15:07:07,     0,- 0.484,- 0.354,LLLL,LLLL
       592,2021/8/6,15:07:08,     0,- 0.373,- 0.185,LLLL,LLLL
       593,2021/8/6,15:07:09,     0,- 0.254,- 0.156,LLLL,LLLL
       594,2021/8/6,15:07:10,     0,- 0.290,- 0.247,LLLL,LLLL
       595,2021/8/6,15:07:11,     0,- 0.377,- 0.142,LLLL,LLLL
       596,2021/8/6,15:07:12,     0,- 0.333,+ 0.063,LLLL,LLLL
       597,2021/8/6,15:07:13,     0,- 0.242,- 0.170,LLLL,LLLL
       598,2021/8/6,15:07:14,     0,- 0.193,- 0.077,LLLL,LLLL
       599,2021/8/6,15:07:15,     0,- 0.364,- 0.158,LLLL,LLLL
       600,2021/8/6,15:07:16,     0,- 0.188,- 0.055,LLLL,LLLL
       601,2021/8/6,15:07:17,     0,- 0.372,- 0.144,LLLL,LLLL
       602,2021/8/6,15:07:18,     0,- 0.461,+ 0.023,LLLL,LLLL
       603,2021/8/6,15:07:19,     0,- 0.448,- 0.161,LLLL,LLLL
       604,2021/8/6,15:07:20,     0,- 0.309,- 0.093,LLLL,LLLL
       605,2021/8/6,15:07:21,     0,- 0.237,- 0.084,LLLL,LLLL
       606,2021/8/6,15:07:22,     0,- 0.152,- 0.249,LLLL,LLLL
       607,2021/8/6,15:07:23,     0,- 0.411,- 0.014,LLLL,LLLL
       608,2021/8/6,15:07:24,     0,- 0.355,- 0.436,LLLL,LLLL
       609,2021/8/6,15:07:25,     0,- 0.261,- 0.227,LLLL,LLLL
       610,2021/8/6,15:07:26,     0,- 0.216,- 0.222,LLLL,LLLL
       611,2021/8/6,15:07:27,     0,- 0.198,- 0.272,LLLL,LLLL
       612,2021/8/6,15:07:28,     0,- 0.228,- 0.087,LLLL,LLLL
       613,2021/8/6,15:07:29,     0,- 0.125,- 0.185,LLLL,LLLL
       614,2021/8/6,15:07:30,     0,- 0.273,- 0.198,LLLL,LLLL
       615,2021/8/6,15:07:31,     0,- 0.308,- 0.267,LLLL,LLLL
       616,2021/8/6,15:07:32,     0,- 0.289,- 0.335,LLLL,LLLL
       617,2021/8/6,15:07:33,     0,- 0.388,- 0.243,LLLL,LLLL
       618,2021/8/6,15:07:34,     0,- 0.337,- 0.180,LLLL,LLLL
       619,2021/8/6,15:07:35,     0,- 0.194,- 0.189,LLLL,LLLL
       620,2021/8/6,15:07:36,     0,- 0.234,- 0.348,LLLL,LLLL
       621,2021/8/6,15:07:37,     0,- 0.384,- 0.037,LLLL,LLLL
       622,2021/8/6,15:07:38,     0,- 0.148,- 0.004,LLLL,LLLL
       623,2021/8/6,15:07:39,     0,- 0.317,- 0.076,LLLL,LLLL
       624,2021/8/6,15:07:40,     0,- 0.473,- 0.055,LLLL,LLLL
       625,2021/8/6,15:07:41,     0,- 0.172,- 0.451,LLLL,LLLL
       626,2021/8/6,15:07:42,     0,- 0.182,- 0.359,LLLL,LLLL
       627,2021/8/6,15:07:43,     0,- 0.408,- 0.297,LLLL,LLLL
       628,2021/8/6,15:07:44,     0,- 0.155,- 0.247,LLLL,LLLL
       629,2021/8/6,15:07:45,     0,- 0.171,- 0.007,LLLL,LLLL
       630,2021/8/6,15:07:46,     0,- 0.386,- 0.442,LLLL,LLLL
       631,2021/8/6,15:07:47,     0,- 0.407,- 0.121,LLLL,LLLL
       632,2021/8/6,15:07:48,     0,- 0.161,- 0.301,LLLL,LLLL
       633,2021/8/6,15:07:49,     0,- 0.346,- 0.260,LLLL,LLLL
       634,2021/8/6,15:07:50,     0,- 0.398,- 0.133,LLLL,LLLL
       635,2021/8/6,15:07:51,     0,- 0.306,- 0.239,LLLL,LLLL
       636,2021/8/6,15:07:52,     0,- 0.310,- 0.216,LLLL,LLLL
       637,2021/8/6,15:07:53,     0,- 0.320,- 0.240,LLLL,LLLL
       638,2021/8/6,15:07:54,     0,- 0.345,- 0.188,LLLL,LLLL
       639,2021/8/6,15:07:55,     0,- 0.332,- 0.225,LLLL,LLLL
       640,2021/8/6,15:07:56,     0,- 0.316,- 0.205,LLLL,LLLL
       641,2021/8/6,15:07:57,     0,- 0.301,- 0.196,LLLL,LLLL
       642,2021/8/6,15:07:58,     0,- 0.315,- 0.257,LLLL,LLLL
       643,2021/8/6,15:07:59,     0,- 0.321,- 0.223,LLLL,LLLL
       644,2021/8/6,15:08:00,     0,- 0.346,- 0.220,LLLL,LLLL
       645,2021/8/6,15:08:01,     0,- 0.340,- 0.278,LLLL,LLLL
       646,2021/8/6,15:08:02,     0,- 0.344,- 0.206,LLLL,LLLL
       647,2021/8/6,15:08:03,     0,- 0.329,- 0.256,LLLL,LLLL
       648,2021/8/6,15:08:04,     0,- 0.324,- 0.234,LLLL,LLLL
       649,2021/8/6,15:08:05,     0,- 0.322,- 0.297,LLLL,LLLL
       650,2021/8/6,15:08:06,     0,- 0.318,- 0.238,LLLL,LLLL
       651,2021/8/6,15:08:07,     0,- 0.341,- 0.241,LLLL,LLLL
       652,2021/8/6,15:08:08,     0,- 0.356,- 0.214,LLLL,LLLL
       653,2021/8/6,15:08:09,     0,- 0.324,- 0.265,LLLL,LLLL
       654,2021/8/6,15:08:10,     0,- 0.341,- 0.212,LLLL,LLLL
       655,2021/8/6,15:08:11,     0,- 0.319,- 0.241,LLLL,LLLL
       656,2021/8/6,15:08:12,     0,- 0.332,- 0.224,LLLL,LLLL
       657,2021/8/6,15:08:13,     0,- 0.336,- 0.212,LLLL,LLLL
       658,2021/8/6,15:08:14,     0,- 0.346,- 0.239,LLLL,LLLL
       659,2021/8/6,15:08:15,     0,- 0.329,- 0.211,LLLL,LLLL
       660,2021/8/6,15:08:16,     0,- 0.341,- 0.208,LLLL,LLLL
       661,2021/8/6,15:08:17,     0,- 0.323,- 0.227,LLLL,LLLL
       662,2021/8/6,15:08:18,     0,- 0.326,- 0.211,LLLL,LLLL
       663,2021/8/6,15:08:19,     0,- 0.330,- 0.214,LLLL,LLLL
       664,2021/8/6,15:08:20,     0,- 0.328,- 0.264,LLLL,LLLL
